lng,lat,name
10.0263998,53.5703089,"Burger King"
10.0263998 , 53.5703089 ,"Burger King"
7.0791999 , 51.1799489 ,"Burger King"
6.4689199 , 51.2123589 ,"Burger King"
7.1924699 , 51.2489689 ,"Burger King"
7.1391299 , 51.2546289 ,"Burger King"
6.8300999 , 51.2982089 ,"Burger King"
9.5334498 , 51.3016089 ,"Burger King"
9.4909398 , 51.3175590 ,"Burger King"
7.1513698 , 51.4748590 ,"Burger King"
7.2170198 , 51.4788788 ,"Burger King"
7.0778499 , 51.5201890 ,"Burger King"
6.9285299 , 51.5260990 ,"Burger King"
7.2070298 , 51.6099290 ,"Burger King"
6.9638299 , 51.6757190 ,"Burger King"
8.8887599 , 51.9523590 ,"Burger King"
8.0777098 , 52.2600120 ,"Burger King"
8.0291199 , 52.2885589 ,"Burger King"
9.7402498 , 52.3757990 ,"Burger King"
9.9813998 , 53.4222689 ,"Burger King"
10.1710598 , 53.5136089 ,"Burger King"
9.9336998 , 53.5522889 ,"Burger King"
8.5978498 , 53.5945989 ,"Burger King"
9.1090298 , 54.1849089 ,"Burger King"
10.0970298 , 54.3459120 ,"Burger King"
9.4352198 , 54.7613489 ,"Burger King"
10.0700798 , 52.5960190 ,"Burger King"
6.7940799 , 51.2213790 ,"Burger King"
6.9267398 , 51.4592489 ,"Burger King"
9.9731298 , 51.7320090 ,"Burger King"
7.0831999 , 52.4412689 ,"Burger King"
9.9370698 , 53.5780688 ,"Burger King"
9.5897498 , 52.4395889 ,"Burger King"
6.7446199 , 51.5665789 ,"Burger King"
7.0209798 , 51.3319289 ,"Burger King"
7.8104699 , 51.6869990 ,"Burger King"
7.4724099 , 51.5263489 ,"Burger King"
7.3666399 , 51.4941389 ,"Burger King"
6.7626399 , 51.2008589 ,"Burger King"
9.5158298 , 53.9151789 ,"Burger King"
6.5454399 , 51.5079490 ,"Burger King"
6.8630998 , 51.4839890 ,"Burger King"
7.6005199 , 51.9766289 ,"Burger King"
6.6082699 , 51.6730089 ,"Burger King"
9.8304598 , 54.4510189 ,"Burger King"
8.8148598 , 52.2127689 ,"Burger King"
9.9852598 , 53.6848289 ,"Burger King"
7.4471098 , 51.3858690 ,"Burger King"
8.6178599 , 53.5285889 ,"Burger King"
6.9979199 , 51.4561890 ,"Burger King"
9.8824898 , 53.9158589 ,"Burger King"
8.1603598 , 51.5531190 ,"Burger King"
8.5539098 , 52.0330989 ,"Burger King"
8.0777498 , 52.4913090 ,"Burger King"
7.7574599 , 51.6626889 ,"Burger King"
7.3548198 , 51.4436090 ,"Burger King"
7.2648998 , 51.1889590 ,"Burger King"
7.7116699 , 52.2586589 ,"Burger King"
9.7368398 , 53.3665589 ,"Burger King"
8.7627598 , 51.7284690 ,"Burger King"
8.5701198 , 52.0016089 ,"Burger King"
8.3704098 , 51.8655489 ,"Burger King"
9.9793297 , 54.0798889 ,"Burger King"
9.4478098 , 51.3074590 ,"Burger King"
9.4745398 , 51.2899290 ,"Burger King"
6.6324299 , 51.3115590 ,"Burger King"
9.3420098 , 52.0851489 ,"Burger King"
7.6156899 , 51.2109289 ,"Burger King"
9.8763198 , 51.4934889 ,"Burger King"
9.9335598 , 52.1705389 ,"Burger King"
9.7731598 , 53.6719504 ,"Burger King"
8.7753298 , 51.7094488 ,"Burger King"
9.7823298 , 52.3245989 ,"Burger King"
10.4611398 , 53.2391088 ,"Burger King"
10.2864698 , 52.1389990 ,"Burger King"
10.4270698 , 53.2919689 ,"Burger King"
8.2106997 , 53.1122089 ,"Burger King"
8.6586299 , 52.1313389 ,"Burger King"
9.2204698 , 52.6343789 ,"Burger King"
9.6931898 , 52.8528589 ,"Burger King"
8.7129298 , 53.8522289 ,"Burger King"
9.7049798 , 53.7452689 ,"Burger King"
9.9813998 , 53.4222689 ,"Burger King"
10.0831598 , 53.6216389 ,"Burger King"
9.6257698 , 54.3183389 ,"Burger King"
9.8812598 , 51.5263389 ,"Burger King"
7.6751999 , 51.5696689 ,"Burger King"
9.8719298 , 53.5709489 ,"Burger King"
9.4864798 , 54.8019889 ,"Burger King"
10.1311197 , 54.3162989 ,"Burger King"
9.5182398 , 51.2671989 ,"Burger King"
7.0749599 , 51.5491790 ,"Burger King"
8.1134998 , 52.5391889 ,"Burger King"
7.4671499 , 51.5143589 ,"Burger King"
8.8127598 , 53.0825789 ,"Burger King"
6.9977899 , 51.4886689 ,"Burger King"
7.2586298 , 51.5019690 ,"Burger King"
7.4675998 , 53.4710689 ,"Burger King"
6.7755099 , 51.2261589 ,"Burger King"
8.0647999 , 53.5267489 ,"Burger King"
7.0133398 , 51.4516389 ,"Burger King"
9.7343298 , 52.3754390 ,"Burger King"
8.1333699 , 51.8115889 ,"Burger King"
6.6280199 , 51.8312090 ,"Burger King"
7.6112798 , 51.9437290 ,"Burger King"
8.0556198 , 52.8426990 ,"Burger King"
6.6999099 , 51.2284697 ,"Burger King"
9.7423598 , 52.3783489 ,"Burger King"
9.0818699 , 54.4903889 ,"Burger King"
10.1177398 , 53.6052789 ,"Burger King"
10.0795098 , 52.9910990 ,"Burger King"
9.7356398 , 52.4051090 ,"Burger King"
7.1036199 , 51.5704390 ,"Burger King"
9.8334998 , 52.4194989 ,"Burger King"
8.8722997 , 53.0630789 ,"Burger King"
9.7588698 , 53.7187889 ,"Burger King"
9.3362198 , 54.7775389 ,"Burger King"
9.3519898 , 52.2783489 ,"Burger King"
7.7849398 , 51.4437690 ,"Burger King"
8.1917698 , 53.1433489 ,"Burger King"
6.9642199 , 51.1568190 ,"Burger King"
9.4226398 , 53.5942074 ,"Burger King"
7.6818899 , 51.3805590 ,"Burger King"
8.6878998 , 53.0208489 ,"Burger King"
6.8869699 , 51.5400889 ,"Burger King"
8.4238698 , 52.9151789 ,"Burger King"
7.5053699 , 51.6088389 ,"Burger King"
9.9269298 , 51.5361989 ,"Burger King"
9.1277798 , 51.4946790 ,"Burger King"
10.0881998 , 53.5117089 ,"Burger King"
7.1913299 , 51.5078989 ,"Burger King"
7.2186598 , 53.5880489 ,"Burger King"
9.9623298 , 53.5493589 ,"Burger King"
7.5938998 , 51.4670790 ,"Burger King"
9.5445098 , 54.4820689 ,"Burger King"
9.9402798 , 53.8036389 ,"Burger King"
9.7264197 , 53.5840289 ,"Burger King"
7.1681098 , 51.9368690 ,"Burger King"
7.0825399 , 51.4967089 ,"Burger King"
9.5021198 , 53.2924988 ,"Burger King"
10.2584097 , 52.3414589 ,"Burger King"
6.8550498 , 51.5166090 ,"Burger King"
9.6883197 , 52.6935689 ,"Burger King"
9.6865298 , 52.6953490 ,"Burger King"
6.6370499 , 51.4545990 ,"Burger King"
7.3475699 , 52.5411690 ,"Burger King"
7.6338399 , 51.9070789 ,"Burger King"
8.6292198 , 53.0525589 ,"Burger King"
9.3562398 , 52.1052089 ,"Burger King"
7.1977498 , 51.2701189 ,"Burger King"
9.9327398 , 54.0140689 ,"Burger King"
9.9305398 , 54.0931589 ,"Burger King"
10.0015998 , 53.6650189 ,"Burger King"
7.5506198 , 51.9414789 ,"Burger King"
6.9968399 , 52.0735989 ,"Burger King"
10.2243498 , 53.3528060 ,"Burger King"
8.9107498 , 52.2996490 ,"Burger King"
10.3242698 , 53.6946689 ,"Burger King"
7.8751299 , 51.6305889 ,"Burger King"
10.0513598 , 52.1260589 ,"Burger King"
8.1693498 , 52.6593719 ,"Burger King"
8.7408498 , 53.0534289 ,"Burger King"
6.7694498 , 51.4964190 ,"Burger King"
8.9674898 , 53.0578789 ,"Burger King"
7.1741098 , 51.3996616 ,"Burger King"
10.4801698 , 51.1988489 ,"Burger King"
8.6441499 , 52.0609888 ,"Burger King"
8.3199898 , 51.8453890 ,"Burger King"
6.8125098 , 51.2192490 ,"Burger King"
6.4713199 , 51.3270790 ,"Burger King"
10.0368898 , 53.5523889 ,"Burger King"
10.0514898 , 53.6088488 ,"Burger King"
8.8902697 , 53.0346289 ,"Burger King"
8.8078799 , 53.0303289 ,"Burger King"
8.6226898 , 52.3060889 ,"Burger King"
7.3103298 , 51.5821690 ,"Burger King"
8.5771398 , 53.5430289 ,"Burger King"
7.0404699 , 51.2042190 ,"Burger King"
10.4089498 , 51.9333890 ,"Burger King"
6.8884998 , 52.2216890 ,"Burger King"
6.8972899 , 52.2181789 ,"Burger King"
6.8934898 , 52.7810989 ,"Burger King"
9.9369798 , 51.5562789 ,"Burger King"
6.9632899 , 51.1582861 ,"Burger King"
8.0538398 , 51.4107352 ,"Burger King"
10.0039498 , 53.6160115 ,"Burger King"
8.5390698 , 52.0231280 ,"Burger King"
9.9382598 , 51.5632631 ,"Burger King"
7.2158698 , 52.2039933 ,"Burger King"
6.2572498 , 51.5803589 ,"Burger King"
7.5492499 , 52.1594990 ,"Burger King"
9.9523798 , 52.1596418 ,"Burger King"
7.4327398 , 52.3184435 ,"Burger King"
10.2265198 , 54.2897267 ,"Burger King"
7.4181099 , 52.2774030 ,"Burger King"
6.4517899 , 51.1529059 ,"Burger King"
6.4094799 , 51.1956258 ,"Burger King"
7.0455599 , 51.5845137 ,"Burger King"
9.3877798 , 51.7866924 ,"Burger King"
7.7706598 , 51.9814532 ,"Burger King"
7.6335598 , 51.9558921 ,"Burger King"
8.5538298 , 52.1925054 ,"Burger King"
7.8618898 , 53.0240677 ,"Burger King"
7.2931698 , 51.5559842 ,"Burger King"
7.8150599 , 52.2014493 ,"Burger King"
7.4992698 , 51.4882420 ,"Burger King"
7.9026898 , 51.5609208 ,"Burger King"
9.3887898 , 51.4821706 ,"Burger King"
9.6880998 , 52.6955117 ,"Burger King"
8.3439898 , 51.6559155 ,"Burger King"
8.3650598 , 52.6183311 ,"Burger King"
7.2814498 , 51.6361281 ,"Burger King"
8.8371398 , 51.4528057 ,"Burger King"
7.2955499 , 52.6827243 ,"Burger King"
9.9937398 , 52.4592953 ,"Burger King"
6.1569999 , 51.7883396 ,"Burger King"
10.5080598 , 52.3093889 ,"Burger King"
13.3892498 , 52.4392788 ,"Burger King"
13.4341997 , 52.4430689 ,"Burger King"
10.5418198 , 52.4630490 ,"Burger King"
13.4371597 , 52.4795989 ,"Burger King"
13.4771697 , 52.4870789 ,"Burger King"
13.3869297 , 52.4929389 ,"Burger King"
13.3217598 , 52.5018889 ,"Burger King"
13.2036397 , 52.5375189 ,"Burger King"
12.1336998 , 54.0884889 ,"Burger King"
13.4114698 , 52.5212289 ,"Burger King"
13.4130798 , 52.5231889 ,"Burger King"
13.2593697 , 52.4313289 ,"Burger King"
13.5148597 , 52.4527189 ,"Burger King"
13.7442297 , 52.4992689 ,"Burger King"
13.3120297 , 52.4222689 ,"Burger King"
14.5478597 , 52.3376089 ,"Burger King"
12.4447997 , 51.3509889 ,"Burger King"
10.6349198 , 52.3110489 ,"Burger King"
13.3241197 , 52.6076289 ,"Burger King"
13.3319698 , 52.5061888 ,"Burger King"
13.4958397 , 52.5344689 ,"Burger King"
13.3853497 , 52.4646188 ,"Burger King"
13.3700798 , 52.4092189 ,"Burger King"
13.3591597 , 52.5460689 ,"Burger King"
12.3091697 , 51.4132989 ,"Burger King"
13.6053097 , 52.3153213 ,"Burger King"
12.4651097 , 52.2896690 ,"Burger King"
13.2981097 , 52.5784689 ,"Burger King"
12.2628897 , 51.3459689 ,"Burger King"
14.6333997 , 52.1519889 ,"Burger King"
10.4962398 , 52.2542689 ,"Burger King"
11.6029697 , 52.0826090 ,"Burger King"
13.0944097 , 54.3002389 ,"Burger King"
11.4464098 , 53.8935289 ,"Burger King"
12.1932498 , 54.0811889 ,"Burger King"
14.3175897 , 51.7177389 ,"Burger King"
13.2609497 , 53.5566289 ,"Burger King"
12.0626597 , 54.1323189 ,"Burger King"
13.5944597 , 52.5490389 ,"Burger King"
13.2336598 , 52.5272489 ,"Burger King"
12.3750397 , 51.3411789 ,"Burger King"
13.6076497 , 52.5051889 ,"Burger King"
11.6278597 , 52.1782290 ,"Burger King"
13.4288698 , 54.0815189 ,"Burger King"
13.3369697 , 52.5137089 ,"Burger King"
13.3056798 , 52.5105689 ,"Burger King"
13.0958197 , 52.3841888 ,"Burger King"
11.9909398 , 51.1871989 ,"Burger King"
10.6683598 , 53.8786389 ,"Burger King"
13.2929497 , 53.5563789 ,"Burger King"
11.8667398 , 52.6159888 ,"Burger King"
13.3692397 , 52.5246668 ,"Burger King"
11.7676197 , 51.6907289 ,"Burger King"
11.0540198 , 52.2209889 ,"Burger King"
13.5044597 , 52.5639389 ,"Burger King"
11.4335198 , 53.5986089 ,"Burger King"
13.4576397 , 52.5293089 ,"Burger King"
10.7754598 , 52.4279089 ,"Burger King"
13.3857297 , 52.4802989 ,"Burger King"
13.1918396 , 52.4338589 ,"Burger King"
11.9780597 , 51.2693490 ,"Burger King"
13.3626796 , 52.5003189 ,"Burger King"
12.3808497 , 51.3445289 ,"Burger King"
11.7677398 , 51.6905589 ,"Burger King"
10.5263798 , 52.2654689 ,"Burger King"
12.1832197 , 51.6070390 ,"Burger King"
12.1904797 , 53.8097589 ,"Burger King"
11.4774398 , 51.7656890 ,"Burger King"
13.2103497 , 52.6383589 ,"Burger King"
10.5401098 , 52.2533889 ,"Burger King"
13.3103698 , 52.5473946 ,"Burger King"
13.7354697 , 51.2949388 ,"Burger King"
14.2716697 , 53.0662852 ,"Burger King"
13.2484197 , 52.5389970 ,"Burger King"
13.4207897 , 54.4238464 ,"Burger King"
13.1055798 , 52.7081828 ,"Burger King"
11.5769797 , 51.5105661 ,"Burger King"
13.2721797 , 51.2991335 ,"Burger King"
12.0189398 , 51.4525096 ,"Burger King"
14.9712197 , 51.1675570 ,"Burger King"
13.5943597 , 52.6764391 ,"Burger King"
12.1988097 , 51.6362337 ,"Burger King"
12.3022397 , 51.8211318 ,"Burger King"
11.9867297 , 51.4780868 ,"Burger King"
7.2330698 , 50.5749946 ,"McDonalds"
7.7773698 , 48.2803590 ,"Burger King"
9.9766898 , 48.4016351 ,"Burger King"
8.3578798 , 49.0283690 ,"Burger King"
9.2234698 , 49.1539790 ,"Burger King"
10.2418798 , 49.2581890 ,"Burger King"
7.7414999 , 49.4404290 ,"Burger King"
7.5918098 , 50.3591388 ,"Burger King"
6.9499498 , 50.9364588 ,"Burger King"
7.5755699 , 51.0035890 ,"Burger King"
8.5826798 , 49.5320290 ,"Burger King"
8.9905898 , 50.6456390 ,"Burger King"
8.5676999 , 49.1619790 ,"Burger King"
8.6320498 , 49.3503790 ,"Burger King"
8.2658797 , 50.0015290 ,"Burger King"
8.7428398 , 50.1240890 ,"Burger King"
10.2161198 , 50.0215090 ,"Burger King"
9.1927598 , 48.6786790 ,"Burger King"
7.0346199 , 50.9677190 ,"Burger King"
10.4706998 , 49.7666790 ,"Burger King"
8.7945598 , 50.0145989 ,"Burger King"
8.9013897 , 50.1480190 ,"Burger King"
6.6506997 , 49.7559990 ,"Burger King"
7.3619499 , 49.7123090 ,"Burger King"
6.9151099 , 50.9492489 ,"Burger King"
9.1780598 , 50.1899690 ,"Burger King"
8.6540098 , 48.9051890 ,"Burger King"
10.0839498 , 48.8310390 ,"Burger King"
8.0257198 , 50.8978690 ,"Burger King"
8.2546499 , 50.0579289 ,"Burger King"
7.0218499 , 49.2252590 ,"Burger King"
10.0686498 , 49.7786990 ,"Burger King"
9.0260898 , 48.7063589 ,"Burger King"
9.2965598 , 48.8202590 ,"Burger King"
9.1328198 , 49.9800889 ,"Burger King"
8.6404998 , 48.1504690 ,"Burger King"
6.9897298 , 51.0646689 ,"Burger King"
8.6913199 , 50.5713590 ,"Burger King"
6.9398398 , 50.9388789 ,"Burger King"
8.3410799 , 49.4093690 ,"Burger King"
10.1945398 , 50.0542090 ,"Burger King"
7.6806099 , 49.9976989 ,"Burger King"
7.4328599 , 50.5995790 ,"Burger King"
8.4053499 , 49.0095990 ,"Burger King"
8.4669698 , 49.4887690 ,"Burger King"
7.9299098 , 49.9019690 ,"Burger King"
9.9526098 , 49.7997890 ,"Burger King"
7.8485598 , 47.9940890 ,"Burger King"
8.2794298 , 50.6759990 ,"Burger King"
7.5577098 , 50.3882590 ,"Burger King"
7.8029199 , 49.4570590 ,"Burger King"
8.6457998 , 49.8820590 ,"Burger King"
6.7532298 , 49.3135790 ,"Burger King"
9.1930597 , 48.6899104 ,"Burger King"
7.7516099 , 50.4825489 ,"Burger King"
9.7138198 , 50.5539689 ,"Burger King"
7.1358199 , 49.2694189 ,"Burger King"
8.6276598 , 50.1012690 ,"Burger King"
6.4594399 , 50.8323989 ,"Burger King"
8.5460098 , 49.4132390 ,"Burger King"
8.6018998 , 49.6728690 ,"Burger King"
8.5037698 , 48.0821290 ,"Burger King"
10.2480098 , 47.8838977 ,"Burger King"
9.1810998 , 48.7834890 ,"Burger King"
9.9637198 , 49.7501690 ,"Burger King"
8.8522698 , 47.7536790 ,"Burger King"
8.8024598 , 47.9871490 ,"Burger King"
8.8960398 , 49.2409090 ,"Burger King"
6.5240498 , 49.9599690 ,"Burger King"
7.8953798 , 49.8519490 ,"Burger King"
7.0174499 , 50.9498089 ,"Burger King"
8.6749298 , 49.3994390 ,"Burger King"
7.0049099 , 50.9625489 ,"Burger King"
10.4440198 , 48.4112237 ,"Burger King"
6.1030098 , 50.7963290 ,"Burger King"
9.0019399 , 48.6827790 ,"Burger King"
7.0744799 , 50.7416590 ,"Burger King"
8.6502599 , 50.5371948 ,"Burger King"
9.6742398 , 50.5460790 ,"Burger King"
8.7514899 , 50.1403690 ,"Burger King"
9.5753898 , 49.7708890 ,"Burger King"
9.6354698 , 47.8129990 ,"Burger King"
8.6638298 , 50.1076889 ,"Burger King"
7.1082698 , 50.8165389 ,"Burger King"
6.9585099 , 50.9431089 ,"Burger King"
6.8026199 , 50.6612089 ,"Burger King"
6.9663698 , 50.8920989 ,"Burger King"
7.4167498 , 50.4369390 ,"Burger King"
9.1511097 , 48.9207390 ,"Burger King"
8.6758299 , 49.4044990 ,"Burger King"
7.2481799 , 50.3270205 ,"Burger King"
10.0319798 , 48.4576090 ,"Burger King"
9.2071998 , 48.5022290 ,"Burger King"
9.3802198 , 48.7146490 ,"Burger King"
8.3594198 , 49.6548790 ,"Burger King"
7.9325698 , 48.4696990 ,"Burger King"
8.6858098 , 50.2950690 ,"Burger King"
8.9746198 , 48.3499990 ,"Burger King"
9.0455998 , 48.2033190 ,"Burger King"
8.6182098 , 49.6447390 ,"Burger King"
6.2471499 , 50.8253190 ,"Burger King"
8.1688199 , 49.3401390 ,"Burger King"
9.6886598 , 48.6973389 ,"Burger King"
10.2132097 , 48.4374190 ,"Burger King"
9.8061898 , 48.1172490 ,"Burger King"
7.1795998 , 50.7913590 ,"Burger King"
8.7555498 , 50.2339989 ,"Burger King"
8.0026098 , 50.8642290 ,"Burger King"
8.0871398 , 50.8166190 ,"Burger King"
9.2563998 , 48.7606190 ,"Burger King"
9.4607298 , 48.6534990 ,"Burger King"
9.1346598 , 49.3465390 ,"Burger King"
7.7524198 , 48.2264590 ,"Burger King"
8.7034999 , 48.8936890 ,"Burger King"
7.3545498 , 49.2470990 ,"Burger King"
7.8359699 , 50.9971990 ,"Burger King"
8.6771898 , 50.4361290 ,"Burger King"
6.9038899 , 51.1150290 ,"Burger King"
8.7688798 , 50.8294590 ,"Burger King"
8.1095399 , 50.0023589 ,"Burger King"
8.2315198 , 50.0475589 ,"Burger King"
8.9331998 , 50.3299390 ,"Burger King"
7.8079498 , 50.6676489 ,"Burger King"
7.8542899 , 50.4521990 ,"Burger King"
9.3918998 , 50.6414589 ,"Burger King"
7.7898899 , 48.3106991 ,"Burger King"
10.1306898 , 48.6800890 ,"Burger King"
8.2561299 , 50.2184490 ,"Burger King"
9.1571598 , 47.6739090 ,"Burger King"
8.1340199 , 49.7491090 ,"Burger King"
8.4236797 , 49.4771990 ,"Burger King"
9.1779098 , 48.8906090 ,"Burger King"
9.4825798 , 47.6642390 ,"Burger King"
7.5600499 , 49.4234590 ,"Burger King"
8.5514398 , 49.6438390 ,"Burger King"
8.1392898 , 50.4692589 ,"Burger King"
9.5746998 , 50.8341790 ,"Burger King"
10.3544598 , 49.2426290 ,"Burger King"
9.1257198 , 48.7233090 ,"Burger King"
9.4899298 , 49.2032190 ,"Burger King"
7.0583499 , 50.7056690 ,"Burger King"
9.8244498 , 47.6972391 ,"Burger King"
7.1209998 , 50.8802690 ,"Burger King"
7.1221798 , 50.8777989 ,"Burger King"
7.2720598 , 50.7797089 ,"Burger King"
10.1771898 , 48.5831190 ,"Burger King"
10.0172798 , 49.9433389 ,"Burger King"
8.4975098 , 49.9102690 ,"Burger King"
8.3476898 , 48.9976290 ,"Burger King"
8.4029798 , 49.9838890 ,"Burger King"
8.1817098 , 49.5551490 ,"Burger King"
9.3006798 , 48.7392590 ,"Burger King"
8.9078098 , 50.0549889 ,"Burger King"
8.6811298 , 49.2881690 ,"Burger King"
8.1243498 , 49.2087690 ,"Burger King"
7.0291598 , 51.0253289 ,"Burger King"
8.5366698 , 49.3299990 ,"Burger King"
8.4736098 , 49.4845190 ,"Burger King"
8.3402398 , 49.4117690 ,"Burger King"
9.0337597 , 48.7410490 ,"Burger King"
8.0624198 , 50.3848289 ,"Burger King"
7.7189298 , 47.9700589 ,"Burger King"
7.9461798 , 50.8773190 ,"Burger King"
8.6005098 , 50.1548490 ,"Burger King"
8.1293698 , 48.7084890 ,"Burger King"
7.5850899 , 50.5481590 ,"Burger King"
10.1829898 , 48.9565690 ,"Burger King"
8.7222598 , 48.3862291 ,"Burger King"
9.2783798 , 51.1207889 ,"Burger King"
9.8130098 , 48.6138090 ,"Burger King"
6.8351399 , 50.9153690 ,"Burger King"
8.6198698 , 49.8150790 ,"Burger King"
8.6005398 , 50.2065490 ,"Burger King"
9.6619298 , 50.7121690 ,"Burger King"
8.8458198 , 49.9050890 ,"Burger King"
8.2198998 , 47.6223090 ,"Burger King"
6.6325799 , 49.4405289 ,"Burger King"
8.4888298 , 49.4640790 ,"Burger King"
9.1773198 , 49.9617989 ,"Burger King"
9.4735398 , 50.7927089 ,"Burger King"
7.2777998 , 49.9300690 ,"Burger King"
6.9627498 , 50.6255590 ,"Burger King"
8.9725198 , 48.9229890 ,"Burger King"
9.2190997 , 48.8034690 ,"Burger King"
8.3941197 , 49.0099590 ,"Burger King"
8.3736998 , 49.2268990 ,"Burger King"
8.2174599 , 48.8636690 ,"Burger King"
8.9035598 , 48.6148990 ,"Burger King"
8.5691198 , 49.1365762 ,"Burger King"
9.6331098 , 48.7091890 ,"Burger King"
8.5232198 , 49.2123790 ,"Burger King"
8.4120698 , 49.3354789 ,"Burger King"
8.9275798 , 48.8113290 ,"Burger King"
6.0020099 , 50.8574990 ,"Burger King"
8.5763398 , 49.3164990 ,"Burger King"
7.2261899 , 50.4409289 ,"Burger King"
7.4637699 , 50.4312390 ,"Burger King"
10.1583598 , 47.9957756 ,"Burger King"
6.5209998 , 51.0040590 ,"Burger King"
7.0286298 , 50.7608890 ,"Burger King"
7.8729299 , 50.4541889 ,"Burger King"
8.5618398 , 50.1334977 ,"Burger King"
9.2650898 , 49.0445752 ,"Burger King"
7.1522299 , 50.8979650 ,"Burger King"
6.6509599 , 49.7709227 ,"Burger King"
10.2880297 , 48.4270254 ,"Burger King"
6.7344699 , 49.3181709 ,"Burger King"
9.7371398 , 50.4190703 ,"Burger King"
9.2402998 , 47.9352390 ,"Burger King"
6.6943098 , 50.8817672 ,"Burger King"
9.7740298 , 48.7930896 ,"Burger King"
6.8470198 , 50.9801859 ,"Burger King"
6.1192499 , 51.0600435 ,"Burger King"
9.2109298 , 48.4956762 ,"Burger King"
7.1321099 , 50.5490290 ,"Burger King"
9.0047998 , 47.8598270 ,"Burger King"
7.1574098 , 49.4629543 ,"Burger King"
6.9417599 , 50.6435940 ,"Burger King"
8.5371898 , 48.0457336 ,"Burger King"
8.6093798 , 49.9471920 ,"Burger King"
9.1084097 , 50.2828719 ,"Burger King"
7.8437899 , 48.0304569 ,"Burger King"
8.6599198 , 49.5407645 ,"Burger King"
10.2526198 , 51.0077843 ,"Burger King"
6.4932699 , 49.7285448 ,"Burger King"
7.5081098 , 50.3467741 ,"Burger King"
7.5212899 , 50.3961672 ,"Burger King"
7.8433599 , 47.9991648 ,"Burger King"
8.7458998 , 50.0618173 ,"Burger King"
7.5967898 , 49.2149320 ,"Burger King"
10.3154297 , 50.9914346 ,"Burger King"
8.6807698 , 50.1131798 ,"Burger King"
9.9008498 , 48.3299647 ,"Burger King"
8.2300999 , 49.9696168 ,"Burger King"
9.1738998 , 48.7767645 ,"Burger King"
10.4539797 , 48.5755531 ,"Burger King"
6.2594899 , 50.5787097 ,"Burger King"
8.6641698 , 50.1065211 ,"Burger King"
7.1739599 , 49.3488517 ,"Burger King"
9.2462798 , 50.7379024 ,"Burger King"
9.2269898 , 49.1323414 ,"Burger King"
10.1007398 , 48.4163469 ,"Burger King"
7.4105699 , 49.5377733 ,"Burger King"
8.7847897 , 50.1053657 ,"Burger King"
8.7724198 , 50.0850153 ,"Burger King"
6.3026299 , 51.0700146 ,"Burger King"
8.8521698 , 48.2579300 ,"Burger King"
12.9045797 , 47.7642688 ,"Burger King"
11.6130097 , 48.1102556 ,"Burger King"
11.5027897 , 48.1129582 ,"Burger King"
11.5644898 , 48.1377620 ,"Burger King"
11.5600598 , 48.1402311 ,"Burger King"
11.6457497 , 48.1397079 ,"Burger King"
10.8709298 , 48.3471398 ,"Burger King"
12.1502197 , 48.5550290 ,"Burger King"
11.4595697 , 48.7748782 ,"Burger King"
11.0342098 , 49.4104689 ,"Burger King"
11.0065698 , 49.4443990 ,"Burger King"
11.0804498 , 49.4483790 ,"Burger King"
11.0575698 , 49.4838990 ,"Burger King"
12.4959198 , 50.7177088 ,"Burger King"
11.0339498 , 50.9759290 ,"Burger King"
12.5364397 , 48.2365945 ,"Burger King"
10.6348097 , 49.7458490 ,"Burger King"
11.3890698 , 50.9353388 ,"Burger King"
11.3272097 , 49.5675289 ,"Burger King"
12.8625396 , 50.8607090 ,"Burger King"
13.4234097 , 48.5600416 ,"Burger King"
12.9606797 , 48.8529209 ,"Burger King"
10.9219098 , 49.8872190 ,"Burger King"
12.1483297 , 48.9999673 ,"Burger King"
10.9290598 , 48.3754229 ,"Burger King"
12.1530897 , 49.6646912 ,"Burger King"
11.4679898 , 48.7482250 ,"Burger King"
10.7273298 , 50.8971989 ,"Burger King"
11.0739198 , 49.7168790 ,"Burger King"
11.7741998 , 50.4050390 ,"Burger King"
11.0031197 , 49.5758490 ,"Burger King"
11.0390698 , 49.3232890 ,"Burger King"
12.5423998 , 50.8407490 ,"Burger King"
11.4610097 , 48.1488790 ,"Burger King"
10.8654697 , 48.0635793 ,"Burger King"
11.4770198 , 48.1455584 ,"Burger King"
11.1155998 , 49.4033289 ,"Burger King"
10.9888398 , 49.4532890 ,"Burger King"
11.4701498 , 48.2607446 ,"Burger King"
11.9089598 , 50.3103497 ,"Burger King"
11.4589397 , 49.2593090 ,"Burger King"
11.0671797 , 48.3902282 ,"Burger King"
11.0571298 , 50.9739290 ,"Burger King"
11.8812798 , 49.4368990 ,"Burger King"
12.6631697 , 49.2020823 ,"Burger King"
11.5840298 , 48.5079213 ,"Burger King"
12.5015697 , 50.7084715 ,"Burger King"
11.4756298 , 49.3128390 ,"Burger King"
10.8542898 , 49.6982390 ,"Burger King"
12.6073897 , 48.8839861 ,"Burger King"
11.1309797 , 49.4325189 ,"Burger King"
12.9296297 , 50.8385490 ,"Burger King"
10.5015498 , 49.2584490 ,"Burger King"
12.1888397 , 48.9875690 ,"Burger King"
11.6654697 , 48.1208294 ,"Burger King"
13.7328797 , 51.0399089 ,"Burger King"
10.9793798 , 50.2864889 ,"Burger King"
11.2624197 , 49.1611390 ,"Burger King"
11.6234597 , 50.0541290 ,"Burger King"
11.2020798 , 49.3578790 ,"Burger King"
13.7153197 , 51.0778390 ,"Burger King"
11.7788398 , 50.2021022 ,"Burger King"
10.8753698 , 49.9738190 ,"Burger King"
11.7597097 , 48.1231290 ,"Burger King"
11.7174697 , 47.9070090 ,"Burger King"
11.9056497 , 47.8297590 ,"Burger King"
12.5921197 , 47.8283990 ,"Burger King"
11.5874797 , 48.5569490 ,"Burger King"
11.2036597 , 49.3555789 ,"Burger King"
10.9131098 , 48.4115690 ,"Burger King"
11.5364796 , 48.1864175 ,"Burger King"
13.5725497 , 51.0606089 ,"Burger King"
11.4133598 , 48.1409799 ,"Burger King"
12.1302498 , 50.4340389 ,"Burger King"
11.3199597 , 50.7133889 ,"Burger King"
11.5024798 , 48.1892319 ,"Burger King"
10.8695097 , 48.4363939 ,"Burger King"
10.6442198 , 47.8948350 ,"Burger King"
11.0378997 , 49.4353690 ,"Burger King"
11.0826598 , 49.4462967 ,"Burger King"
10.7617598 , 48.7186018 ,"Burger King"
11.7362797 , 48.3872700 ,"Burger King"
11.8880998 , 48.3067764 ,"Burger King"
10.9589298 , 49.4343890 ,"Burger King"
11.5592197 , 48.1395290 ,"Burger King"
12.8745697 , 50.8114690 ,"Burger King"
11.5134698 , 49.7495390 ,"Burger King"
11.5102198 , 49.7476090 ,"Burger King"
10.5416098 , 50.0307316 ,"Burger King"
12.9379297 , 50.8462689 ,"Burger King"
13.6957897 , 51.0849990 ,"Burger King"
12.1206497 , 47.8534215 ,"Burger King"
10.7267398 , 49.7322190 ,"Burger King"
11.6036198 , 49.9587126 ,"Burger King"
11.5661097 , 49.9453306 ,"Burger King"
11.5700197 , 49.9457863 ,"Burger King"
11.7598797 , 48.1233846 ,"Burger King"
12.0761797 , 50.8546989 ,"Burger King"
11.5955996 , 48.1111982 ,"Burger King"
11.6058597 , 48.1265569 ,"Burger King"
11.6048398 , 48.1280246 ,"Burger King"
11.6141598 , 48.1363804 ,"Burger King"
12.0988897 , 49.0121756 ,"Burger King"
10.6203898 , 48.0429546 ,"Burger King"
10.8984098 , 48.3677694 ,"Burger King"
11.2253998 , 48.1609553 ,"Burger King"
11.0974498 , 47.4916098 ,"Burger King"
11.5741897 , 47.7601241 ,"Burger King"
12.2008298 , 47.6131849 ,"Burger King"
12.3678896 , 47.8145819 ,"Burger King"
12.4771696 , 48.6393736 ,"Burger King"
11.6394698 , 48.3073750 ,"Burger King"
12.1368598 , 48.5473173 ,"Burger King"
11.5480998 , 48.1365728 ,"Burger King"
12.1562297 , 48.5393617 ,"Burger King"
11.5202098 , 48.6435096 ,"Burger King"
12.4774498 , 51.3493789 ,"KFC"
10.8752197 , 48.3812811 ,"KFC"
11.4633697 , 48.7486504 ,"KFC"
11.0681098 , 49.4489590 ,"KFC"
11.0082398 , 49.4580990 ,"KFC"
9.1442498 , 49.9796264 ,"KFC"
8.2228099 , 50.0056289 ,"KFC"
8.2237798 , 50.0678690 ,"KFC"
6.8437899 , 51.1883089 ,"KFC"
9.9371298 , 53.4710189 ,"KFC"
7.0500799 , 50.9183589 ,"KFC"
9.7340598 , 52.4159589 ,"KFC"
9.0070398 , 48.7035290 ,"KFC"
13.1846897 , 52.5159689 ,"KFC"
8.7336098 , 50.1192390 ,"KFC"
13.3268198 , 52.5612585 ,"KFC"
10.8676398 , 48.3712048 ,"KFC"
7.4488198 , 51.3840690 ,"KFC"
6.6385398 , 51.2171190 ,"KFC"
6.8198199 , 50.9926355 ,"KFC"
6.5934599 , 51.3218789 ,"KFC"
8.2879298 , 50.0193990 ,"KFC"
7.0239299 , 49.2100790 ,"KFC"
7.2571198 , 51.2826090 ,"KFC"
8.6334698 , 49.8867590 ,"KFC"
8.7437498 , 51.7038790 ,"KFC"
12.1103998 , 49.0282832 ,"KFC"
8.7652798 , 50.1053890 ,"KFC"
8.5662599 , 49.5277090 ,"KFC"
10.0216997 , 48.3952590 ,"KFC"
6.9832398 , 51.4773389 ,"KFC"
7.2586298 , 51.5016989 ,"KFC"
8.6793298 , 50.1140390 ,"KFC"
8.0217599 , 52.2926789 ,"KFC"
10.2369498 , 50.0358451 ,"KFC"
11.4568298 , 48.1659533 ,"KFC"
11.5295298 , 48.1782363 ,"KFC"
9.2319198 , 48.7792390 ,"KFC"
6.1542197 , 50.8052588 ,"KFC"
13.3937098 , 52.4274689 ,"KFC"
6.4206198 , 51.1397750 ,"KFC"
13.4291797 , 52.5721289 ,"KFC"
7.4287799 , 51.4785189 ,"KFC"
9.2259398 , 48.8395690 ,"KFC"
11.5864798 , 48.1928806 ,"KFC"
5.9431498 , 50.8982290 ,"KFC"
8.7905598 , 52.2065489 ,"KFC"
9.9822798 , 53.7990789 ,"KFC"
11.1270898 , 49.4339090 ,"KFC"
6.9394198 , 50.9367390 ,"KFC"
8.0904898 , 50.3814090 ,"KFC"
8.5582199 , 50.1346798 ,"KFC"
9.8898998 , 51.5287489 ,"KFC"
7.5218399 , 50.3960886 ,"KFC"
8.4878598 , 49.4755990 ,"KFC"
10.9351098 , 48.3886671 ,"KFC"
10.0844398 , 53.5771889 ,"KFC"
8.2322098 , 49.9670689 ,"KFC"
16.3417396 , 48.1962790 ,"KFC"
7.1769398 , 50.7927290 ,"KFC"
138.5293071 , -34.8771393 ,"KFC"
6.8807699 , 51.4923089 ,"KFC"
6.9567798 , 51.4374090 ,"KFC"
6.4511699 , 51.1949690 ,"KFC"
10.8674898 , 49.9144189 ,"KFC"
10.4694297 , 49.7681290 ,"KFC"
7.4989798 , 51.5041090 ,"KFC"
7.8471498 , 48.0259590 ,"KFC"
12.8630698 , 50.8605589 ,"KFC"
6.9899598 , 49.2407851 ,"KFC"
11.9152697 , 50.3046024 ,"KFC"
10.5053998 , 52.3104689 ,"KFC"
8.3517098 , 49.4904477 ,"KFC"
9.4684897 , 51.2029075 ,"KFC"
11.5831797 , 48.5079921 ,"KFC"
6.8519698 , 50.9194628 ,"KFC"
6.9578598 , 50.9422484 ,"KFC"
8.6563098 , 48.9035649 ,"KFC"
8.7491398 , 53.1103042 ,"KFC"
7.8925698 , 49.8513428 ,"KFC"
10.6695298 , 53.8788225 ,"KFC"
11.0644398 , 49.6983847 ,"KFC"
9.4122498 , 52.3340676 ,"KFC"
9.6165798 , 52.4303287 ,"KFC"
13.1982797 , 52.5337692 ,"KFC"
8.8540098 , 47.7539411 ,"KFC"
7.0194899 , 51.3322235 ,"KFC"
6.8025998 , 50.6513955 ,"KFC"
11.6636298 , 48.0428785 ,"KFC"
10.1305698 , 54.3165689 ,"KFC"
12.3926697 , 51.4018030 ,"KFC"
7.5919398 , 50.3569645 ,"KFC"
8.5555298 , 52.0330328 ,"KFC"
9.7069798 , 50.4884511 ,"KFC"
8.4032998 , 49.0067740 ,"KFC"
9.9724698 , 48.4018891 ,"KFC"
11.5805897 , 48.1358247 ,"KFC"
11.5631597 , 48.1391576 ,"KFC"
7.7489599 , 50.4830545 ,"KFC"
7.4301498 , 52.3253382 ,"KFC"
11.0814398 , 49.4460593 ,"KFC"
8.9107898 , 50.1311848 ,"KFC"
7.0087199 , 51.4516050 ,"KFC"
9.1478698 , 48.9216774 ,"KFC"
7.6349298 , 51.9571885 ,"KFC"
12.1937098 , 54.1144805 ,"KFC"
8.3769998 , 49.9759140 ,"KFC"
9.4302398 , 48.6440156 ,"KFC"
6.7592899 , 49.2899727 ,"KFC"
8.3601298 , 49.6266837 ,"KFC"
8.5970799 , 49.6728582 ,"KFC"
7.9307399 , 48.4696328 ,"KFC"
6.8641798 , 51.8490689 ,"McDonalds"
10.4444098 , 51.9133489 ,"McDonalds"
8.8567598 , 51.9464790 ,"McDonalds"
7.6276598 , 51.9579189 ,"McDonalds"
9.7971098 , 51.9931789 ,"McDonalds"
8.5333898 , 52.0289289 ,"McDonalds"
10.3783698 , 52.0501689 ,"McDonalds"
8.7554998 , 52.0764889 ,"McDonalds"
8.3559598 , 52.1902090 ,"McDonalds"
8.0699398 , 52.2624989 ,"McDonalds"
10.5213498 , 52.2653989 ,"McDonalds"
7.4367299 , 52.2757522 ,"McDonalds"
8.0248199 , 52.2910490 ,"McDonalds"
9.7975398 , 52.3180389 ,"McDonalds"
9.4132398 , 52.3335190 ,"McDonalds"
9.7378098 , 52.3749989 ,"McDonalds"
9.7338698 , 52.3755189 ,"McDonalds"
7.9866099 , 52.4045489 ,"McDonalds"
9.7104898 , 52.4058189 ,"McDonalds"
8.2843098 , 52.7114489 ,"McDonalds"
8.7774098 , 53.2304688 ,"McDonalds"
10.4101898 , 53.2475289 ,"McDonalds"
10.4022598 , 53.2748789 ,"McDonalds"
7.4665599 , 53.4712688 ,"McDonalds"
9.8469498 , 53.4727989 ,"McDonalds"
9.9361998 , 53.5515188 ,"McDonalds"
8.5973898 , 53.5691354 ,"McDonalds"
10.1088898 , 53.5816489 ,"McDonalds"
9.9039498 , 53.6179089 ,"McDonalds"
10.0576298 , 53.6480689 ,"McDonalds"
8.7147398 , 53.8516189 ,"McDonalds"
9.1274798 , 54.1986189 ,"McDonalds"
10.1392198 , 54.3021789 ,"McDonalds"
10.1365898 , 54.3222989 ,"McDonalds"
9.4341598 , 54.7861489 ,"McDonalds"
8.3012698 , 54.9076789 ,"McDonalds"
7.0845998 , 52.4412989 ,"McDonalds"
9.9827698 , 53.8022864 ,"McDonalds"
9.9726698 , 52.3876081 ,"McDonalds"
9.7236698 , 52.4418589 ,"McDonalds"
9.8213298 , 52.2964189 ,"McDonalds"
9.5127698 , 53.9197889 ,"McDonalds"
7.9323199 , 53.2523388 ,"McDonalds"
9.2782697 , 51.9766689 ,"McDonalds"
7.0239799 , 52.0883989 ,"McDonalds"
9.8526298 , 52.9722890 ,"McDonalds"
9.2191099 , 52.6527989 ,"McDonalds"
8.8785397 , 54.7598288 ,"McDonalds"
9.6925998 , 52.8515689 ,"McDonalds"
8.8767898 , 53.0811489 ,"McDonalds"
9.1714698 , 53.0607389 ,"McDonalds"
9.6637898 , 54.3097189 ,"McDonalds"
9.1226699 , 53.4929838 ,"McDonalds"
7.7337998 , 52.1472589 ,"McDonalds"
8.2577898 , 53.1191589 ,"McDonalds"
8.2134498 , 53.1426989 ,"McDonalds"
8.0722598 , 53.5220889 ,"McDonalds"
7.5455598 , 52.1636989 ,"McDonalds"
6.1289299 , 51.7805889 ,"McDonalds"
9.6957598 , 53.7469889 ,"McDonalds"
7.9718898 , 51.9545389 ,"McDonalds"
8.8662298 , 52.0288689 ,"McDonalds"
8.6540398 , 53.0318289 ,"McDonalds"
8.0678099 , 52.8394490 ,"McDonalds"
9.4173198 , 52.4280689 ,"McDonalds"
8.8442499 , 53.0459189 ,"McDonalds"
8.3179598 , 51.8433989 ,"McDonalds"
8.4740998 , 53.5037289 ,"McDonalds"
10.5190798 , 52.2800790 ,"McDonalds"
10.5222898 , 52.1627389 ,"McDonalds"
10.1067798 , 52.6010588 ,"McDonalds"
7.5993699 , 52.0935390 ,"McDonalds"
9.9438998 , 53.7424589 ,"McDonalds"
9.3952298 , 53.1170289 ,"McDonalds"
8.5734598 , 52.0008090 ,"McDonalds"
8.9030698 , 52.2778989 ,"McDonalds"
7.7136299 , 52.2604089 ,"McDonalds"
9.6957198 , 53.4619189 ,"McDonalds"
8.7018797 , 53.0119090 ,"McDonalds"
7.4598498 , 51.7668690 ,"McDonalds"
8.8084298 , 53.0749389 ,"McDonalds"
9.9816198 , 54.0595489 ,"McDonalds"
9.9781898 , 54.0890389 ,"McDonalds"
7.1862399 , 53.6029489 ,"McDonalds"
8.8110999 , 53.0814689 ,"McDonalds"
6.4437199 , 51.8186489 ,"McDonalds"
7.6636799 , 51.9879689 ,"McDonalds"
10.2205398 , 53.6636289 ,"McDonalds"
8.8035799 , 53.0780190 ,"McDonalds"
8.7427198 , 53.0481490 ,"McDonalds"
9.2466198 , 52.2341689 ,"McDonalds"
8.9280199 , 52.2511189 ,"McDonalds"
8.7867498 , 53.1008389 ,"McDonalds"
8.8016498 , 53.0538689 ,"McDonalds"
8.6269698 , 53.1682389 ,"McDonalds"
8.6202398 , 53.1818189 ,"McDonalds"
9.2893698 , 53.1930489 ,"McDonalds"
9.9782098 , 53.1006689 ,"McDonalds"
9.8364898 , 51.8180189 ,"McDonalds"
10.2189498 , 53.3392852 ,"McDonalds"
10.2446798 , 52.3383189 ,"McDonalds"
9.8679598 , 52.1600289 ,"McDonalds"
7.9084398 , 53.5807189 ,"McDonalds"
8.4802398 , 51.9799389 ,"McDonalds"
9.8263398 , 52.4262889 ,"McDonalds"
6.6288799 , 51.8314488 ,"McDonalds"
10.3409498 , 52.1531790 ,"McDonalds"
7.2847898 , 51.8364389 ,"McDonalds"
7.3277199 , 52.4975089 ,"McDonalds"
9.4141098 , 54.7765489 ,"McDonalds"
9.6269498 , 52.2664590 ,"McDonalds"
8.5893699 , 53.5254989 ,"McDonalds"
9.8272097 , 54.4725389 ,"McDonalds"
9.4639298 , 51.8377389 ,"McDonalds"
9.9282297 , 53.4710389 ,"McDonalds"
9.7235998 , 53.5836989 ,"McDonalds"
8.6647798 , 52.1321153 ,"McDonalds"
9.9999498 , 53.4996389 ,"McDonalds"
9.9234198 , 53.5636689 ,"McDonalds"
8.7483598 , 52.8598990 ,"McDonalds"
8.7800997 , 52.2055988 ,"McDonalds"
10.4095298 , 51.9302489 ,"McDonalds"
7.8510298 , 53.0147889 ,"McDonalds"
7.2966398 , 52.6839189 ,"McDonalds"
10.1138398 , 54.3333189 ,"McDonalds"
8.5673997 , 52.1977001 ,"McDonalds"
9.9816598 , 53.4214489 ,"McDonalds"
8.0407399 , 51.7667289 ,"McDonalds"
10.0270598 , 53.5423589 ,"McDonalds"
9.6882998 , 52.6740788 ,"McDonalds"
9.9658498 , 52.1643589 ,"McDonalds"
8.7030498 , 53.8624289 ,"McDonalds"
8.5796698 , 53.5428189 ,"McDonalds"
7.3816799 , 53.0838689 ,"McDonalds"
6.1549499 , 51.7900889 ,"McDonalds"
9.8760498 , 53.5881889 ,"McDonalds"
9.6152898 , 52.4306889 ,"McDonalds"
9.4751898 , 52.5043489 ,"McDonalds"
8.2161799 , 52.8108989 ,"McDonalds"
8.4130098 , 52.8960390 ,"McDonalds"
8.9605198 , 53.0509089 ,"McDonalds"
10.1329398 , 54.3148189 ,"McDonalds"
8.0589398 , 52.2722589 ,"McDonalds"
9.8614498 , 52.3809289 ,"McDonalds"
9.0761498 , 54.4866889 ,"McDonalds"
8.1665698 , 53.1602089 ,"McDonalds"
10.0063198 , 53.5534589 ,"McDonalds"
9.7350997 , 52.4128590 ,"McDonalds"
10.1383498 , 51.9468389 ,"McDonalds"
9.5754698 , 54.5306488 ,"McDonalds"
9.7636498 , 52.3430690 ,"McDonalds"
6.6154998 , 51.8352289 ,"McDonalds"
10.1004797 , 54.3129289 ,"McDonalds"
6.2644199 , 51.8324490 ,"McDonalds"
8.5333098 , 52.0235089 ,"McDonalds"
10.5102497 , 52.3086889 ,"McDonalds"
8.3834698 , 51.9083489 ,"McDonalds"
9.5003898 , 53.5817789 ,"McDonalds"
9.9995698 , 53.5506789 ,"McDonalds"
9.1208198 , 53.9002689 ,"McDonalds"
9.1919098 , 52.3099589 ,"McDonalds"
7.6872298 , 52.5148589 ,"McDonalds"
7.4756998 , 53.2351189 ,"McDonalds"
10.1902298 , 53.6085589 ,"McDonalds"
9.8725498 , 53.3636789 ,"McDonalds"
10.2231198 , 54.2869148 ,"McDonalds"
8.0584798 , 52.2057690 ,"McDonalds"
7.2077999 , 53.3919989 ,"McDonalds"
7.6182199 , 51.9517990 ,"McDonalds"
10.0691698 , 53.5725388 ,"McDonalds"
10.0054698 , 53.6537888 ,"McDonalds"
9.9368098 , 53.5768189 ,"McDonalds"
10.0895698 , 53.5872789 ,"McDonalds"
10.2283298 , 53.5234889 ,"McDonalds"
10.1183898 , 53.6071389 ,"McDonalds"
8.8062998 , 53.0292889 ,"McDonalds"
8.6292098 , 53.0484889 ,"McDonalds"
8.5948098 , 52.0108989 ,"McDonalds"
9.9693398 , 52.7999290 ,"McDonalds"
7.0571099 , 52.2033589 ,"McDonalds"
8.8278798 , 52.9143389 ,"McDonalds"
10.2065398 , 53.4804289 ,"McDonalds"
8.8747799 , 52.2105089 ,"McDonalds"
8.5732197 , 51.9518089 ,"McDonalds"
7.9118498 , 51.7648489 ,"McDonalds"
9.0689998 , 53.0193389 ,"McDonalds"
8.4395798 , 51.8810489 ,"McDonalds"
9.6976498 , 52.4587490 ,"McDonalds"
8.5643798 , 52.0347790 ,"McDonalds"
7.9992799 , 53.1822789 ,"McDonalds"
9.2335798 , 52.9487488 ,"McDonalds"
9.7935698 , 53.6636889 ,"McDonalds"
10.3682298 , 52.2643689 ,"McDonalds"
8.1960398 , 52.1027489 ,"McDonalds"
10.0991698 , 53.5410589 ,"McDonalds"
10.1046498 , 53.5395589 ,"McDonalds"
10.0458198 , 53.5524489 ,"McDonalds"
8.1237298 , 53.3984821 ,"McDonalds"
8.6263698 , 52.3213889 ,"McDonalds"
7.4311399 , 52.3250989 ,"McDonalds"
7.1705799 , 51.9285689 ,"McDonalds"
9.6910498 , 52.3489790 ,"McDonalds"
9.8433998 , 52.4869790 ,"McDonalds"
10.5030398 , 53.8234689 ,"McDonalds"
9.4851498 , 54.8023089 ,"McDonalds"
8.7896798 , 51.9904090 ,"McDonalds"
9.7996198 , 53.3702789 ,"McDonalds"
8.8874799 , 53.0348089 ,"McDonalds"
10.4237797 , 51.9106690 ,"McDonalds"
10.0477998 , 53.6085089 ,"McDonalds"
8.2399398 , 56.0914489 ,"McDonalds"
9.4819798 , 55.2461689 ,"McDonalds"
9.4580398 , 55.5037688 ,"McDonalds"
9.1272098 , 55.4940188 ,"McDonalds"
8.4797698 , 55.6241889 ,"McDonalds"
10.2889898 , 53.9338489 ,"McDonalds"
10.5112998 , 52.2483889 ,"McDonalds"
8.1159298 , 52.5976768 ,"McDonalds"
8.7845698 , 52.6846523 ,"McDonalds"
9.9975398 , 52.1606789 ,"McDonalds"
7.3990799 , 51.9127889 ,"McDonalds"
9.0712798 , 52.2664550 ,"McDonalds"
9.3723798 , 54.7940000 ,"McDonalds"
9.3953298 , 54.7744867 ,"McDonalds"
10.4182398 , 52.3376790 ,"McDonalds"
10.0900098 , 53.5049462 ,"McDonalds"
8.7490599 , 53.1103428 ,"McDonalds"
10.4191197 , 53.2500689 ,"McDonalds"
10.3532198 , 53.4333331 ,"McDonalds"
9.9440698 , 54.1803007 ,"McDonalds"
9.9451598 , 54.6566666 ,"McDonalds"
7.2622899 , 52.3594473 ,"McDonalds"
7.3203498 , 52.1594964 ,"McDonalds"
9.0875198 , 52.1957538 ,"McDonalds"
8.6229198 , 53.4970144 ,"McDonalds"
7.1997599 , 52.2095744 ,"McDonalds"
9.5537398 , 52.8497791 ,"McDonalds"
7.6346299 , 51.9566529 ,"McDonalds"
8.8841598 , 53.1090904 ,"McDonalds"
9.9617797 , 53.6021946 ,"McDonalds"
7.8146198 , 52.2019030 ,"McDonalds"
8.2295399 , 53.1717457 ,"McDonalds"
8.8895098 , 53.0699781 ,"McDonalds"
8.0449399 , 52.2760526 ,"McDonalds"
8.3607399 , 52.6070053 ,"McDonalds"
9.9866698 , 53.6857236 ,"McDonalds"
9.3870998 , 52.1027928 ,"McDonalds"
7.9630999 , 52.2659437 ,"McDonalds"
10.2710998 , 53.4890290 ,"McDonalds"
10.9426698 , 51.8064989 ,"McDonalds"
12.0598697 , 52.2368488 ,"McDonalds"
13.1110997 , 52.3762245 ,"McDonalds"
13.2384796 , 52.3948789 ,"McDonalds"
13.3126998 , 52.4196190 ,"McDonalds"
10.7292598 , 52.4226390 ,"McDonalds"
13.5470897 , 52.4318791 ,"McDonalds"
13.5790797 , 52.4582890 ,"McDonalds"
13.3262497 , 52.4624189 ,"McDonalds"
10.5430898 , 52.4707489 ,"McDonalds"
13.3064196 , 52.4768289 ,"McDonalds"
13.3243697 , 52.5024489 ,"McDonalds"
13.6230397 , 52.5041289 ,"McDonalds"
13.3336098 , 52.5043689 ,"McDonalds"
13.3066298 , 52.5066289 ,"McDonalds"
13.3338997 , 52.5070389 ,"McDonalds"
13.3728197 , 52.5075489 ,"McDonalds"
13.4973297 , 52.5093889 ,"McDonalds"
13.4349797 , 52.5095290 ,"McDonalds"
13.5307597 , 52.5102389 ,"McDonalds"
13.1238697 , 52.5286389 ,"McDonalds"
12.9775697 , 52.5405989 ,"McDonalds"
13.6446898 , 52.5436889 ,"McDonalds"
13.4133697 , 52.5484590 ,"McDonalds"
13.3075597 , 52.6351490 ,"McDonalds"
11.8286298 , 53.4176989 ,"McDonalds"
13.2714098 , 53.5858089 ,"McDonalds"
11.4109098 , 53.6281089 ,"McDonalds"
12.0348197 , 54.1077689 ,"McDonalds"
12.1931996 , 54.1140389 ,"McDonalds"
11.1818398 , 54.4443322 ,"McDonalds"
13.4283697 , 52.5606589 ,"McDonalds"
13.7432797 , 52.4280489 ,"McDonalds"
13.2322197 , 52.5272496 ,"McDonalds"
13.1982196 , 52.5335897 ,"McDonalds"
10.8252698 , 52.3107989 ,"McDonalds"
10.5487798 , 52.9863889 ,"McDonalds"
14.2710197 , 53.0648890 ,"McDonalds"
13.5991797 , 52.5956389 ,"McDonalds"
14.0761297 , 52.3373789 ,"McDonalds"
13.5608597 , 52.3674489 ,"McDonalds"
11.0881298 , 53.0916090 ,"McDonalds"
13.4321498 , 52.3578489 ,"McDonalds"
13.3715598 , 52.4697989 ,"McDonalds"
13.3643597 , 52.5606289 ,"McDonalds"
13.3075297 , 52.4998189 ,"McDonalds"
13.6026797 , 52.3173489 ,"McDonalds"
13.3720798 , 54.3905989 ,"McDonalds"
13.0875397 , 52.3825389 ,"McDonalds"
13.3231497 , 52.5611964 ,"McDonalds"
12.3020998 , 51.8238890 ,"McDonalds"
12.2429997 , 51.8319089 ,"McDonalds"
13.3557698 , 52.5971489 ,"McDonalds"
13.0567998 , 52.4005689 ,"McDonalds"
13.4040297 , 52.5448889 ,"McDonalds"
13.4331097 , 52.4819890 ,"McDonalds"
13.9069097 , 51.8495289 ,"McDonalds"
12.1351198 , 54.0886789 ,"McDonalds"
11.6371998 , 52.1310890 ,"McDonalds"
10.5319998 , 52.1585789 ,"McDonalds"
10.7946798 , 54.0999489 ,"McDonalds"
13.6964597 , 52.8418989 ,"McDonalds"
11.6282098 , 52.1309590 ,"McDonalds"
13.3814496 , 52.4105989 ,"McDonalds"
11.0771198 , 51.8805390 ,"McDonalds"
13.0490797 , 54.3201289 ,"McDonalds"
13.5092497 , 52.4564689 ,"McDonalds"
13.4650597 , 52.4362389 ,"McDonalds"
13.4077097 , 52.5219189 ,"McDonalds"
13.4681898 , 52.5468790 ,"McDonalds"
11.8686998 , 52.6185390 ,"McDonalds"
12.6651097 , 51.8902890 ,"McDonalds"
12.7824297 , 52.1605289 ,"McDonalds"
13.4545897 , 52.4296896 ,"McDonalds"
13.4424598 , 52.4681289 ,"McDonalds"
13.8666597 , 52.5563690 ,"McDonalds"
11.1716998 , 52.8411089 ,"McDonalds"
11.0956997 , 53.5005289 ,"McDonalds"
11.4050898 , 53.6516389 ,"McDonalds"
10.6775698 , 53.8485389 ,"McDonalds"
14.3190597 , 51.7787988 ,"McDonalds"
11.4495497 , 53.8749089 ,"McDonalds"
11.5814598 , 52.0795489 ,"McDonalds"
13.8207597 , 52.8349689 ,"McDonalds"
13.5152797 , 52.6007189 ,"McDonalds"
10.8109198 , 52.4274089 ,"McDonalds"
13.2741597 , 52.4589589 ,"McDonalds"
12.5328197 , 52.4331289 ,"McDonalds"
13.2584597 , 53.5574889 ,"McDonalds"
12.1929898 , 53.8148589 ,"McDonalds"
12.0635198 , 54.1336489 ,"McDonalds"
11.7064997 , 52.0299689 ,"McDonalds"
13.2457897 , 52.7656789 ,"McDonalds"
13.4248497 , 52.4863689 ,"McDonalds"
12.4506697 , 53.1574889 ,"McDonalds"
13.2189097 , 52.5374590 ,"McDonalds"
12.7844498 , 52.9180689 ,"McDonalds"
11.4852396 , 51.7677490 ,"McDonalds"
13.5992497 , 52.5498789 ,"McDonalds"
13.3141997 , 52.3087489 ,"McDonalds"
13.4582397 , 52.4911090 ,"McDonalds"
11.7195898 , 53.0042785 ,"McDonalds"
11.4048998 , 53.9044089 ,"McDonalds"
11.4078798 , 53.6344989 ,"McDonalds"
13.1619897 , 52.4200189 ,"McDonalds"
13.3939697 , 54.0730289 ,"McDonalds"
12.7142497 , 53.5185989 ,"McDonalds"
13.2605497 , 53.5180389 ,"McDonalds"
11.8432197 , 52.2592289 ,"McDonalds"
10.6359098 , 53.8542789 ,"McDonalds"
10.6353198 , 54.1228689 ,"McDonalds"
13.3685897 , 52.5255645 ,"McDonalds"
11.3917298 , 53.6012989 ,"McDonalds"
11.7531196 , 51.7739890 ,"McDonalds"
10.7908897 , 52.4267846 ,"McDonalds"
13.5437497 , 52.5534289 ,"McDonalds"
10.7900898 , 51.8526390 ,"McDonalds"
11.9859898 , 51.7644390 ,"McDonalds"
13.2864197 , 52.5838189 ,"McDonalds"
13.0841398 , 54.0926089 ,"McDonalds"
12.8543698 , 52.7532389 ,"McDonalds"
12.8538897 , 52.7547189 ,"McDonalds"
12.0876597 , 54.1785089 ,"McDonalds"
13.4364397 , 52.5007589 ,"McDonalds"
13.0163797 , 52.3022489 ,"McDonalds"
13.3793097 , 52.4372989 ,"McDonalds"
10.7342198 , 53.7001889 ,"McDonalds"
13.5662597 , 52.6879989 ,"McDonalds"
11.4324698 , 52.2804689 ,"McDonalds"
14.5507497 , 52.3473989 ,"McDonalds"
13.2048398 , 52.6524689 ,"McDonalds"
13.8828297 , 53.3042489 ,"McDonalds"
13.1869096 , 52.4030090 ,"McDonalds"
11.4932097 , 52.1754990 ,"McDonalds"
13.3903097 , 52.5073088 ,"McDonalds"
13.7510197 , 54.0472089 ,"McDonalds"
13.4115597 , 52.5210988 ,"McDonalds"
10.9853298 , 52.2413889 ,"McDonalds"
13.4383797 , 52.5405288 ,"McDonalds"
10.6735097 , 53.8801889 ,"McDonalds"
10.6876698 , 53.8695289 ,"McDonalds"
10.5284698 , 52.2643789 ,"McDonalds"
13.4613197 , 52.4710689 ,"McDonalds"
10.8654898 , 54.2971389 ,"McDonalds"
12.9370397 , 52.3641389 ,"McDonalds"
10.5389798 , 52.2529189 ,"McDonalds"
13.3759797 , 52.5156889 ,"McDonalds"
13.4753297 , 52.5139189 ,"McDonalds"
11.6718998 , 52.2121669 ,"McDonalds"
12.5639497 , 52.4088071 ,"McDonalds"
13.3332997 , 52.5065727 ,"McDonalds"
13.4694098 , 52.5036799 ,"McDonalds"
11.4108897 , 53.6284698 ,"McDonalds"
12.5623796 , 52.4065167 ,"McDonalds"
13.5091397 , 52.5283545 ,"McDonalds"
13.3135797 , 52.4140421 ,"McDonalds"
13.3676897 , 52.6284253 ,"McDonalds"
13.3797897 , 52.5099999 ,"McDonalds"
13.4301697 , 54.0765668 ,"McDonalds"
13.0842297 , 52.5307498 ,"McDonalds"
13.1344897 , 52.3708551 ,"McDonalds"
10.6549898 , 52.2538501 ,"McDonalds"
11.6089497 , 52.1594782 ,"McDonalds"
11.6917297 , 51.8971108 ,"McDonalds"
10.7332798 , 53.9117598 ,"McDonalds"
7.3974999 , 49.6489290 ,"McDonalds"
6.6214098 , 49.7391989 ,"McDonalds"
6.6412398 , 49.7568690 ,"McDonalds"
8.1781498 , 49.9134290 ,"McDonalds"
6.5407099 , 49.9619489 ,"McDonalds"
7.9367998 , 49.9812189 ,"McDonalds"
8.2597198 , 50.0017890 ,"McDonalds"
8.2350098 , 50.0235190 ,"McDonalds"
8.2163598 , 50.0458489 ,"McDonalds"
8.2200298 , 50.0488590 ,"McDonalds"
8.2518299 , 50.0635790 ,"McDonalds"
8.2385098 , 50.0819790 ,"McDonalds"
7.5927099 , 50.3575490 ,"McDonalds"
7.5762599 , 50.3804790 ,"McDonalds"
7.5260399 , 50.5657490 ,"McDonalds"
7.1528999 , 50.6859989 ,"McDonalds"
7.1315499 , 50.7344890 ,"McDonalds"
7.1021998 , 50.7351190 ,"McDonalds"
6.1174699 , 50.7907290 ,"McDonalds"
6.4825699 , 50.8056890 ,"McDonalds"
6.9914698 , 50.8112889 ,"McDonalds"
6.2462999 , 50.8228590 ,"McDonalds"
6.9135498 , 50.8455690 ,"McDonalds"
6.6821398 , 50.8969289 ,"McDonalds"
7.0535399 , 50.9117289 ,"McDonalds"
6.8508898 , 50.9193090 ,"McDonalds"
6.9425398 , 50.9283990 ,"McDonalds"
6.9535898 , 50.9364489 ,"McDonalds"
6.9395798 , 50.9367089 ,"McDonalds"
6.9562399 , 50.9374989 ,"McDonalds"
7.2974398 , 50.9427871 ,"McDonalds"
6.9168499 , 50.9501490 ,"McDonalds"
6.9014899 , 50.9573090 ,"McDonalds"
7.0064098 , 50.9608890 ,"McDonalds"
6.9544498 , 50.9610890 ,"McDonalds"
7.0034399 , 51.0388989 ,"McDonalds"
6.3083999 , 51.0762489 ,"McDonalds"
6.9071498 , 51.1158790 ,"McDonalds"
7.0036498 , 51.1614490 ,"McDonalds"
6.4429799 , 51.1657782 ,"McDonalds"
7.2413998 , 51.1812090 ,"McDonalds"
6.4360098 , 51.1941390 ,"McDonalds"
6.6877198 , 51.2008589 ,"McDonalds"
7.1984098 , 51.2697487 ,"McDonalds"
6.5685598 , 51.3265590 ,"McDonalds"
7.4043398 , 51.3410373 ,"McDonalds"
7.6759899 , 51.3856489 ,"McDonalds"
6.8773299 , 51.4004289 ,"McDonalds"
6.7078299 , 51.4189590 ,"McDonalds"
6.7708999 , 51.4322989 ,"McDonalds"
6.5456699 , 51.4332289 ,"McDonalds"
7.9612598 , 51.4551789 ,"McDonalds"
7.0080498 , 51.4977489 ,"McDonalds"
7.5735099 , 51.5058589 ,"McDonalds"
7.1009098 , 51.5064789 ,"McDonalds"
7.1901298 , 51.5089789 ,"McDonalds"
7.6166498 , 51.5132290 ,"McDonalds"
7.4704798 , 51.5143090 ,"McDonalds"
7.4589998 , 51.5165790 ,"McDonalds"
7.4953799 , 51.5251090 ,"McDonalds"
6.6066799 , 51.5360490 ,"McDonalds"
7.9011198 , 51.5627417 ,"McDonalds"
7.5270698 , 51.6161889 ,"McDonalds"
6.9681398 , 51.6579089 ,"McDonalds"
7.2120198 , 51.5318790 ,"McDonalds"
7.2235599 , 51.4792789 ,"McDonalds"
7.0218899 , 51.4696489 ,"McDonalds"
7.8262498 , 49.9243190 ,"McDonalds"
7.5994099 , 50.1164290 ,"McDonalds"
7.1217799 , 50.9847089 ,"McDonalds"
7.8389798 , 51.6547090 ,"McDonalds"
7.6237098 , 50.6894089 ,"McDonalds"
6.6820299 , 51.1832790 ,"McDonalds"
6.8314399 , 51.5219189 ,"McDonalds"
6.7514799 , 51.5627990 ,"McDonalds"
7.0204598 , 51.3323789 ,"McDonalds"
6.3461699 , 51.5226190 ,"McDonalds"
7.0018299 , 51.0561190 ,"McDonalds"
7.3513199 , 51.4414589 ,"McDonalds"
7.3718999 , 51.4942789 ,"McDonalds"
7.2784199 , 51.4948790 ,"McDonalds"
6.7762699 , 51.2266489 ,"McDonalds"
6.8171899 , 51.2342890 ,"McDonalds"
6.8460499 , 51.1660090 ,"McDonalds"
6.7946499 , 51.2521090 ,"McDonalds"
7.0069098 , 50.9765390 ,"McDonalds"
7.2817398 , 51.2917290 ,"McDonalds"
6.7530599 , 51.1633289 ,"McDonalds"
7.6717298 , 51.6980189 ,"McDonalds"
7.0724999 , 50.9796189 ,"McDonalds"
7.8635398 , 50.7941690 ,"McDonalds"
6.5194198 , 51.2697589 ,"McDonalds"
7.1135798 , 50.8182489 ,"McDonalds"
6.9645198 , 51.5665189 ,"McDonalds"
6.1701799 , 51.6702189 ,"McDonalds"
6.7759899 , 51.3702190 ,"McDonalds"
6.8466898 , 51.4737790 ,"McDonalds"
8.0121598 , 50.9081289 ,"McDonalds"
7.6363898 , 50.8859088 ,"McDonalds"
7.3370399 , 51.4391390 ,"McDonalds"
6.9695599 , 50.9796089 ,"McDonalds"
7.1022198 , 51.6449590 ,"McDonalds"
7.2703299 , 50.3819389 ,"McDonalds"
6.8139099 , 51.0935525 ,"McDonalds"
7.3724798 , 51.1982610 ,"McDonalds"
6.6646098 , 50.2225789 ,"McDonalds"
6.4198599 , 51.1400128 ,"McDonalds"
7.8943198 , 49.8515190 ,"McDonalds"
6.6380798 , 51.2171089 ,"McDonalds"
6.6077897 , 51.0956690 ,"McDonalds"
7.1876698 , 50.8849662 ,"McDonalds"
7.2442298 , 50.3271335 ,"McDonalds"
7.1805398 , 51.6078089 ,"McDonalds"
7.5027299 , 50.4432690 ,"McDonalds"
6.9271398 , 50.9161890 ,"McDonalds"
7.5118599 , 50.3976289 ,"McDonalds"
8.0223199 , 49.9721490 ,"McDonalds"
7.3306699 , 51.6317590 ,"McDonalds"
6.5435399 , 51.5079190 ,"McDonalds"
8.2768298 , 50.7507090 ,"McDonalds"
8.0875698 , 51.5642990 ,"McDonalds"
7.9121798 , 50.9120090 ,"McDonalds"
6.6522499 , 50.9425390 ,"McDonalds"
6.8000798 , 50.9590090 ,"McDonalds"
6.9068498 , 49.9804289 ,"McDonalds"
6.7802299 , 50.7955490 ,"McDonalds"
6.8651998 , 51.4836590 ,"McDonalds"
6.0875498 , 50.7752590 ,"McDonalds"
6.6990199 , 51.2256170 ,"McDonalds"
8.1362398 , 49.7479390 ,"McDonalds"
6.2613729 , 50.5782055 ,"McDonalds"
6.5405998 , 51.3474789 ,"McDonalds"
6.2116799 , 51.3275690 ,"McDonalds"
6.6770098 , 50.8669989 ,"McDonalds"
8.2802998 , 50.6739489 ,"McDonalds"
7.4073499 , 49.7391790 ,"McDonalds"
7.7807999 , 51.2627289 ,"McDonalds"
8.2874398 , 50.0190090 ,"McDonalds"
6.1535598 , 50.8053390 ,"McDonalds"
7.5727698 , 51.0145590 ,"McDonalds"
6.4501598 , 51.1947889 ,"McDonalds"
7.7499399 , 50.4832689 ,"McDonalds"
6.4153499 , 51.3777188 ,"McDonalds"
7.2749798 , 50.6851389 ,"McDonalds"
6.8810198 , 51.4919290 ,"McDonalds"
7.5368898 , 49.9807290 ,"McDonalds"
7.6730599 , 51.5689189 ,"McDonalds"
6.5084898 , 50.7810889 ,"McDonalds"
8.2539698 , 50.2169590 ,"McDonalds"
7.8383099 , 50.9985175 ,"McDonalds"
6.0769599 , 50.8348490 ,"McDonalds"
6.7646099 , 51.2784090 ,"McDonalds"
7.1101899 , 50.5462589 ,"McDonalds"
7.0240098 , 51.4369090 ,"McDonalds"
7.1272599 , 51.5943489 ,"McDonalds"
7.8512898 , 50.4490532 ,"McDonalds"
6.9982299 , 51.4613990 ,"McDonalds"
8.2445698 , 50.0713889 ,"McDonalds"
6.6646999 , 51.6627589 ,"McDonalds"
6.9352098 , 51.5110789 ,"McDonalds"
6.5644598 , 51.3332989 ,"McDonalds"
6.1202999 , 50.8256289 ,"McDonalds"
7.0146798 , 51.0267489 ,"McDonalds"
6.8312298 , 51.2975090 ,"McDonalds"
7.0736899 , 51.5217290 ,"McDonalds"
7.1499798 , 51.2550089 ,"McDonalds"
7.0413499 , 51.2055590 ,"McDonalds"
7.1491799 , 51.4742690 ,"McDonalds"
8.0374698 , 50.3724690 ,"McDonalds"
7.0198998 , 51.2787290 ,"McDonalds"
8.0322098 , 51.1474489 ,"McDonalds"
6.9591899 , 50.9433489 ,"McDonalds"
7.6084299 , 51.2388090 ,"McDonalds"
7.0147198 , 51.4573690 ,"McDonalds"
7.0735398 , 50.9028089 ,"McDonalds"
6.7927498 , 51.2202990 ,"McDonalds"
8.0267398 , 50.9596889 ,"McDonalds"
6.8659999 , 51.3507289 ,"McDonalds"
7.2019299 , 51.6156490 ,"McDonalds"
7.0559398 , 50.6340190 ,"McDonalds"
6.9564999 , 50.9419389 ,"McDonalds"
6.9629898 , 51.7539889 ,"McDonalds"
7.9975999 , 51.3375289 ,"McDonalds"
6.9511599 , 51.2530789 ,"McDonalds"
7.5487098 , 51.3705989 ,"McDonalds"
7.2127798 , 51.2348589 ,"McDonalds"
7.4405599 , 51.3865990 ,"McDonalds"
6.9744998 , 50.9406390 ,"McDonalds"
6.8833099 , 51.4589589 ,"McDonalds"
8.2703099 , 49.9715090 ,"McDonalds"
7.4232999 , 50.4351990 ,"McDonalds"
8.2717398 , 49.9986590 ,"McDonalds"
8.0111897 , 50.8573290 ,"McDonalds"
6.2170799 , 51.0530789 ,"McDonalds"
7.7531098 , 51.4505389 ,"McDonalds"
6.9972299 , 50.9219489 ,"McDonalds"
7.4951298 , 51.5036790 ,"McDonalds"
7.2275399 , 50.6306690 ,"McDonalds"
7.5612098 , 51.4542490 ,"McDonalds"
8.0916499 , 50.3814290 ,"McDonalds"
6.9745799 , 51.4843289 ,"McDonalds"
6.6568099 , 49.7715190 ,"McDonalds"
7.6935499 , 51.5377890 ,"McDonalds"
6.9026599 , 50.8920890 ,"McDonalds"
6.2216099 , 50.7791889 ,"McDonalds"
6.9214598 , 51.1895989 ,"McDonalds"
7.0293799 , 50.7143990 ,"McDonalds"
6.1371299 , 50.9198190 ,"McDonalds"
7.1474198 , 51.2592390 ,"McDonalds"
8.2944098 , 50.4812590 ,"McDonalds"
6.5754099 , 50.5498188 ,"McDonalds"
6.8057299 , 50.6514489 ,"McDonalds"
6.9634299 , 50.6256190 ,"McDonalds"
6.9768998 , 50.7632090 ,"McDonalds"
7.0747898 , 50.7422790 ,"McDonalds"
7.0975998 , 50.7330590 ,"McDonalds"
7.0980898 , 50.7361290 ,"McDonalds"
7.1015499 , 50.7377289 ,"McDonalds"
7.1674498 , 50.6782489 ,"McDonalds"
7.1748599 , 50.7926890 ,"McDonalds"
7.2857599 , 50.7737790 ,"McDonalds"
7.3146998 , 51.2985190 ,"McDonalds"
7.0182699 , 50.9494590 ,"McDonalds"
6.8775698 , 50.9379790 ,"McDonalds"
7.6598798 , 51.6173890 ,"McDonalds"
8.2790399 , 51.3492790 ,"McDonalds"
6.9520898 , 50.9389888 ,"McDonalds"
7.9657398 , 51.6959189 ,"McDonalds"
7.0062999 , 51.4578789 ,"McDonalds"
6.8233999 , 51.2173190 ,"McDonalds"
6.7757699 , 51.2087589 ,"McDonalds"
6.7563099 , 51.2071690 ,"McDonalds"
6.7839898 , 51.2189490 ,"McDonalds"
6.7880898 , 51.2281090 ,"McDonalds"
7.3762699 , 51.1213489 ,"McDonalds"
6.9881298 , 51.0321590 ,"McDonalds"
6.7958799 , 51.1228689 ,"McDonalds"
6.7698999 , 51.4961389 ,"McDonalds"
7.0766699 , 51.5517489 ,"McDonalds"
6.3990699 , 51.2527489 ,"McDonalds"
7.1746998 , 51.3990057 ,"McDonalds"
7.2172599 , 51.5443090 ,"McDonalds"
7.0839299 , 51.4452289 ,"McDonalds"
8.0635598 , 50.5990089 ,"McDonalds"
7.0380498 , 51.5867989 ,"McDonalds"
6.4841998 , 51.2238389 ,"McDonalds"
7.4602698 , 51.5460389 ,"McDonalds"
7.1569899 , 51.2767890 ,"McDonalds"
6.8867499 , 51.4925289 ,"McDonalds"
7.3129898 , 50.7679189 ,"McDonalds"
7.3664598 , 51.4936189 ,"McDonalds"
7.1282999 , 51.2506290 ,"McDonalds"
6.5910498 , 51.3281290 ,"McDonalds"
6.6261199 , 51.6561488 ,"McDonalds"
6.7727298 , 51.4301089 ,"McDonalds"
7.0133998 , 51.4519977 ,"McDonalds"
6.4761598 , 51.3151590 ,"McDonalds"
6.2750898 , 50.8926853 ,"McDonalds"
6.8784898 , 51.1620390 ,"McDonalds"
7.2437899 , 51.2647956 ,"McDonalds"
6.9943399 , 50.9431176 ,"McDonalds"
7.1994299 , 51.1370073 ,"McDonalds"
6.1343399 , 51.2123463 ,"McDonalds"
7.2704099 , 51.4685073 ,"McDonalds"
6.5315698 , 51.1030513 ,"McDonalds"
6.8323199 , 50.9147666 ,"McDonalds"
6.8519599 , 50.7481393 ,"McDonalds"
7.3101799 , 51.5613790 ,"McDonalds"
7.1078199 , 51.5033829 ,"McDonalds"
7.2457698 , 51.5975116 ,"McDonalds"
6.4598599 , 50.8342833 ,"McDonalds"
6.8440699 , 50.9812094 ,"McDonalds"
6.1009199 , 51.0655031 ,"McDonalds"
6.1258599 , 50.9621875 ,"McDonalds"
7.6452999 , 51.2138290 ,"McDonalds"
7.8644098 , 49.8433690 ,"McDonalds"
8.0219698 , 49.6684518 ,"McDonalds"
7.0689599 , 51.5658831 ,"McDonalds"
7.4790898 , 50.5813944 ,"McDonalds"
6.0902999 , 50.7680413 ,"McDonalds"
6.6344698 , 51.4587562 ,"McDonalds"
7.1861999 , 51.7275776 ,"McDonalds"
7.4723699 , 51.3588855 ,"McDonalds"
7.4612898 , 51.3621888 ,"McDonalds"
7.5701398 , 50.4261333 ,"McDonalds"
8.2294399 , 49.9694248 ,"McDonalds"
7.5748899 , 51.7251160 ,"McDonalds"
7.2211898 , 51.2743026 ,"McDonalds"
7.4705099 , 51.5288150 ,"McDonalds"
6.5423698 , 51.4278951 ,"McDonalds"
6.8470399 , 51.4735920 ,"McDonalds"
8.2528098 , 50.2956266 ,"McDonalds"
8.2347198 , 50.2999323 ,"McDonalds"
7.9359398 , 49.9248219 ,"McDonalds"
6.1531499 , 50.7598624 ,"McDonalds"
8.4822798 , 49.5939790 ,"McDonalds"
9.9522898 , 49.7988890 ,"McDonalds"
8.6464398 , 49.8519790 ,"McDonalds"
8.6542398 , 49.8709690 ,"McDonalds"
8.8492898 , 49.9093690 ,"McDonalds"
9.7714298 , 49.9561790 ,"McDonalds"
8.4298998 , 49.9847790 ,"McDonalds"
8.8007098 , 50.0202150 ,"McDonalds"
8.5994198 , 50.1357589 ,"McDonalds"
8.9826399 , 50.4321190 ,"McDonalds"
9.6829498 , 50.5541689 ,"McDonalds"
8.6771598 , 50.5850890 ,"McDonalds"
9.3976898 , 50.6425290 ,"McDonalds"
9.2776698 , 51.1203089 ,"McDonalds"
9.4514097 , 51.3080236 ,"McDonalds"
9.4946798 , 51.3150255 ,"McDonalds"
9.9315698 , 51.5529689 ,"McDonalds"
9.9896698 , 51.6927905 ,"McDonalds"
8.7504198 , 51.7172389 ,"McDonalds"
8.7794298 , 51.0601490 ,"McDonalds"
9.4680998 , 51.2022790 ,"McDonalds"
8.6062699 , 50.1000390 ,"McDonalds"
8.7429998 , 50.1232390 ,"McDonalds"
8.5347799 , 50.1630699 ,"McDonalds"
9.7199897 , 50.8616089 ,"McDonalds"
8.6629599 , 50.1077597 ,"McDonalds"
10.0181598 , 51.1970089 ,"McDonalds"
8.7039198 , 50.0308390 ,"McDonalds"
8.6788598 , 50.1140990 ,"McDonalds"
9.2412198 , 50.7337371 ,"McDonalds"
10.1766198 , 51.0063890 ,"McDonalds"
9.7532498 , 50.6889790 ,"McDonalds"
8.5310098 , 51.2005889 ,"McDonalds"
8.5152598 , 51.5988090 ,"McDonalds"
9.9408198 , 49.7684390 ,"McDonalds"
9.0060898 , 49.6877590 ,"McDonalds"
9.6461898 , 51.4281988 ,"McDonalds"
9.5325198 , 50.3871889 ,"McDonalds"
8.6491198 , 50.5377190 ,"McDonalds"
9.0479798 , 50.0892089 ,"McDonalds"
8.7423299 , 50.1907590 ,"McDonalds"
8.3618198 , 49.6498690 ,"McDonalds"
8.7463999 , 50.1394790 ,"McDonalds"
9.1337497 , 50.2028990 ,"McDonalds"
9.5710098 , 50.8325090 ,"McDonalds"
10.4691498 , 49.7686090 ,"McDonalds"
9.7914098 , 50.9627089 ,"McDonalds"
9.2897298 , 50.2503890 ,"McDonalds"
8.5762298 , 51.4063389 ,"McDonalds"
10.2931498 , 50.9936689 ,"McDonalds"
9.5874198 , 49.7709790 ,"McDonalds"
8.4822698 , 49.8351690 ,"McDonalds"
8.7170498 , 50.0476190 ,"McDonalds"
8.5790998 , 49.9837990 ,"McDonalds"
8.3437697 , 51.6512590 ,"McDonalds"
8.5893699 , 51.6665989 ,"McDonalds"
8.3487299 , 51.6709289 ,"McDonalds"
8.6807298 , 50.4361290 ,"McDonalds"
8.6889899 , 50.5725690 ,"McDonalds"
8.4700199 , 50.5509490 ,"McDonalds"
10.2080598 , 50.0486089 ,"McDonalds"
9.1645898 , 49.9882690 ,"McDonalds"
10.1464498 , 49.7397290 ,"McDonalds"
9.4206498 , 51.0296290 ,"McDonalds"
8.7652198 , 51.7307789 ,"McDonalds"
8.3408998 , 51.4673390 ,"McDonalds"
8.6987998 , 50.0499590 ,"McDonalds"
10.2383798 , 51.7327089 ,"McDonalds"
8.6855798 , 50.0997489 ,"McDonalds"
10.1174398 , 50.0030690 ,"McDonalds"
8.3702599 , 50.0582690 ,"McDonalds"
8.4343898 , 50.0089090 ,"McDonalds"
8.7338898 , 50.1070290 ,"McDonalds"
8.6246498 , 49.6439790 ,"McDonalds"
8.3557598 , 49.8468790 ,"McDonalds"
8.6338398 , 49.8870390 ,"McDonalds"
9.5849698 , 50.0018090 ,"McDonalds"
10.2390498 , 51.5163190 ,"McDonalds"
8.9172098 , 50.1322890 ,"McDonalds"
8.7240398 , 51.7055389 ,"McDonalds"
9.9343198 , 51.5369990 ,"McDonalds"
8.6393398 , 49.8714890 ,"McDonalds"
9.2211698 , 50.0058989 ,"McDonalds"
9.6676698 , 49.6221689 ,"McDonalds"
8.9292298 , 50.1158590 ,"McDonalds"
8.6731398 , 49.9635190 ,"McDonalds"
8.5802798 , 50.2235289 ,"McDonalds"
9.7477697 , 51.1981589 ,"McDonalds"
10.0770798 , 50.1866590 ,"McDonalds"
8.8222098 , 50.5979190 ,"McDonalds"
8.6831499 , 50.1320789 ,"McDonalds"
10.2257298 , 50.3327689 ,"McDonalds"
9.6756998 , 50.5435990 ,"McDonalds"
9.9310598 , 49.7945890 ,"McDonalds"
9.9873498 , 49.7974989 ,"McDonalds"
8.6328299 , 50.1580490 ,"McDonalds"
8.5371998 , 50.5389789 ,"McDonalds"
8.8598398 , 51.2802589 ,"McDonalds"
8.6931098 , 50.3001590 ,"McDonalds"
9.4651898 , 51.3546089 ,"McDonalds"
8.6093599 , 49.9009590 ,"McDonalds"
10.4531498 , 51.2226290 ,"McDonalds"
8.6860898 , 50.1151789 ,"McDonalds"
8.6970398 , 50.1381490 ,"McDonalds"
8.7451598 , 50.0844873 ,"McDonalds"
10.4115898 , 50.5898589 ,"McDonalds"
8.8607798 , 50.1305290 ,"McDonalds"
8.6525098 , 50.1901090 ,"McDonalds"
8.5978098 , 49.6723389 ,"McDonalds"
9.0076898 , 51.4885190 ,"McDonalds"
9.0160998 , 51.7202890 ,"McDonalds"
10.0761998 , 49.6646452 ,"McDonalds"
8.3774998 , 49.9762590 ,"McDonalds"
10.4682698 , 50.7155190 ,"McDonalds"
9.2638398 , 49.7070290 ,"McDonalds"
8.9322798 , 50.1418989 ,"McDonalds"
8.3622698 , 49.6259390 ,"McDonalds"
9.0717898 , 49.9938090 ,"McDonalds"
9.1722098 , 49.9654289 ,"McDonalds"
8.9134598 , 49.8723890 ,"McDonalds"
9.8898298 , 51.5277390 ,"McDonalds"
8.4806199 , 50.5840890 ,"McDonalds"
8.7714198 , 51.7038289 ,"McDonalds"
9.5252598 , 51.2718789 ,"McDonalds"
9.7300598 , 50.5526890 ,"McDonalds"
8.7742298 , 50.8191989 ,"McDonalds"
8.7685698 , 50.8321689 ,"McDonalds"
8.9295299 , 50.3296588 ,"McDonalds"
8.5029699 , 50.5641390 ,"McDonalds"
9.0078398 , 50.1820229 ,"McDonalds"
8.5155997 , 50.3077715 ,"McDonalds"
8.3942598 , 51.0527889 ,"McDonalds"
9.5424998 , 51.3099817 ,"McDonalds"
9.4469598 , 51.3128150 ,"McDonalds"
9.1426498 , 49.9802153 ,"McDonalds"
9.9361098 , 49.8013486 ,"McDonalds"
9.3966698 , 50.6426453 ,"McDonalds"
8.7608898 , 50.3319872 ,"McDonalds"
10.2330598 , 50.0333015 ,"McDonalds"
8.8170998 , 50.1192957 ,"McDonalds"
8.5824399 , 49.8040662 ,"McDonalds"
8.6068998 , 49.8921423 ,"McDonalds"
9.9215598 , 51.6291028 ,"McDonalds"
8.5364797 , 50.9007880 ,"McDonalds"
10.2240698 , 50.0390824 ,"McDonalds"
8.2551499 , 47.6216980 ,"McDonalds"
7.8204499 , 47.9849190 ,"McDonalds"
7.8489798 , 47.9937790 ,"McDonalds"
7.5844598 , 48.0241590 ,"McDonalds"
7.8435798 , 48.0290994 ,"McDonalds"
7.7502399 , 48.2271190 ,"McDonalds"
7.9479298 , 48.4847290 ,"McDonalds"
8.0369398 , 48.6413190 ,"McDonalds"
8.2395698 , 48.7611790 ,"McDonalds"
7.6048199 , 49.2034990 ,"McDonalds"
7.6663299 , 49.2321490 ,"McDonalds"
6.8667398 , 49.2457990 ,"McDonalds"
6.9222999 , 49.4287290 ,"McDonalds"
7.7911898 , 49.4538889 ,"McDonalds"
7.8525098 , 48.1126190 ,"McDonalds"
8.1305198 , 49.1923390 ,"McDonalds"
7.1361398 , 49.2691190 ,"McDonalds"
7.3517198 , 49.2480290 ,"McDonalds"
7.0281098 , 49.2892190 ,"McDonalds"
6.7597998 , 49.2893690 ,"McDonalds"
8.1984698 , 49.4677690 ,"McDonalds"
6.6272498 , 49.4427190 ,"McDonalds"
6.7551799 , 49.5130389 ,"McDonalds"
7.6823899 , 49.4323889 ,"McDonalds"
6.7198599 , 49.3568589 ,"McDonalds"
8.1597498 , 49.3389990 ,"McDonalds"
8.1796098 , 48.7767790 ,"McDonalds"
7.5926298 , 47.9082390 ,"McDonalds"
6.9955798 , 49.2337090 ,"McDonalds"
7.7061799 , 49.4462390 ,"McDonalds"
8.2064798 , 47.9183690 ,"McDonalds"
7.8417098 , 47.9975279 ,"McDonalds"
6.9907898 , 49.2396290 ,"McDonalds"
6.7841299 , 49.2857090 ,"McDonalds"
7.6040098 , 47.8071090 ,"McDonalds"
8.1873797 , 49.5550390 ,"McDonalds"
7.1576899 , 49.4625990 ,"McDonalds"
7.5961199 , 49.2143190 ,"McDonalds"
7.6548998 , 47.6066790 ,"McDonalds"
7.8129599 , 48.5769590 ,"McDonalds"
7.9300898 , 47.5544090 ,"McDonalds"
8.0106299 , 49.1025990 ,"McDonalds"
7.9429398 , 48.4719389 ,"McDonalds"
8.2572799 , 49.3774990 ,"McDonalds"
8.2955298 , 48.8225290 ,"McDonalds"
7.1741599 , 49.3436408 ,"McDonalds"
7.8616799 , 48.3377090 ,"McDonalds"
8.2227499 , 48.8655690 ,"McDonalds"
6.9641499 , 49.2093790 ,"McDonalds"
7.0238599 , 49.2268590 ,"McDonalds"
8.2909798 , 49.0410390 ,"McDonalds"
7.7081698 , 47.9231590 ,"McDonalds"
6.8958099 , 49.4102581 ,"McDonalds"
7.5954598 , 47.5955897 ,"McDonalds"
7.5623898 , 49.4202312 ,"McDonalds"
7.7963798 , 47.5762238 ,"McDonalds"
9.4867498 , 47.6591992 ,"McDonalds"
8.5130499 , 47.9609790 ,"McDonalds"
8.7856498 , 47.9654990 ,"McDonalds"
8.4656499 , 48.0692391 ,"McDonalds"
9.2039798 , 48.0863390 ,"McDonalds"
9.0258198 , 48.2222590 ,"McDonalds"
9.9845498 , 48.3994590 ,"McDonalds"
9.9650898 , 48.4006190 ,"McDonalds"
8.9513798 , 48.4798090 ,"McDonalds"
10.4479098 , 48.5747186 ,"McDonalds"
9.4304898 , 48.6442890 ,"McDonalds"
9.1956098 , 48.6769190 ,"McDonalds"
9.6854798 , 48.6962090 ,"McDonalds"
9.1733898 , 48.7734890 ,"McDonalds"
9.1773899 , 48.7756390 ,"McDonalds"
9.5720398 , 48.8088790 ,"McDonalds"
9.1892798 , 48.8960089 ,"McDonalds"
9.4385997 , 48.9325992 ,"McDonalds"
9.3087898 , 49.1432290 ,"McDonalds"
9.2210298 , 49.1454790 ,"McDonalds"
10.0683098 , 49.1818457 ,"McDonalds"
8.6956698 , 49.2749390 ,"McDonalds"
8.4906398 , 49.4608090 ,"McDonalds"
9.2316098 , 48.8414290 ,"McDonalds"
9.2260598 , 49.1783590 ,"McDonalds"
8.7293999 , 48.5450190 ,"McDonalds"
10.2866298 , 47.5185645 ,"McDonalds"
8.6766698 , 49.4037590 ,"McDonalds"
8.6925999 , 49.4081790 ,"McDonalds"
10.0828198 , 48.5008690 ,"McDonalds"
9.9473898 , 48.4658490 ,"McDonalds"
8.4358298 , 48.4623790 ,"McDonalds"
9.0309698 , 48.7033690 ,"McDonalds"
8.7763398 , 48.9198690 ,"McDonalds"
9.0184199 , 48.7848190 ,"McDonalds"
9.2547198 , 48.7634690 ,"McDonalds"
9.7661098 , 48.7899689 ,"McDonalds"
9.7901698 , 48.6459189 ,"McDonalds"
10.1663498 , 48.6910990 ,"McDonalds"
9.7583298 , 48.5142290 ,"McDonalds"
9.1808198 , 48.7836590 ,"McDonalds"
9.5780398 , 47.6645290 ,"McDonalds"
10.0480598 , 49.1426998 ,"McDonalds"
9.1905598 , 48.6903890 ,"McDonalds"
9.2669898 , 49.0582290 ,"McDonalds"
9.3086698 , 48.7128590 ,"McDonalds"
9.1156698 , 49.3375890 ,"McDonalds"
8.9995598 , 48.7052549 ,"McDonalds"
8.6645999 , 49.5487990 ,"McDonalds"
9.1865598 , 47.7750822 ,"McDonalds"
8.8517798 , 48.2621590 ,"McDonalds"
9.1351598 , 48.9530689 ,"McDonalds"
8.5287099 , 48.0317190 ,"McDonalds"
9.3665398 , 48.6773790 ,"McDonalds"
8.4729298 , 49.4970890 ,"McDonalds"
10.0338198 , 47.6893027 ,"McDonalds"
9.8241998 , 47.6979890 ,"McDonalds"
9.7168898 , 48.2893290 ,"McDonalds"
9.7629998 , 49.4954590 ,"McDonalds"
9.2239898 , 49.1256390 ,"McDonalds"
8.4735398 , 49.4846163 ,"McDonalds"
8.4695098 , 49.4795990 ,"McDonalds"
8.4683798 , 49.4903189 ,"McDonalds"
10.0765698 , 48.8274897 ,"McDonalds"
8.6823698 , 49.3974390 ,"McDonalds"
8.6543198 , 48.9043589 ,"McDonalds"
8.3998897 , 48.9938202 ,"McDonalds"
8.5728198 , 49.5274790 ,"McDonalds"
10.3291797 , 49.0678090 ,"McDonalds"
9.3847198 , 48.8719290 ,"McDonalds"
8.5741798 , 48.1694790 ,"McDonalds"
9.6931598 , 49.1030975 ,"McDonalds"
8.6889298 , 49.0381290 ,"McDonalds"
8.6966399 , 48.4579190 ,"McDonalds"
9.8763398 , 48.2159290 ,"McDonalds"
8.7604798 , 48.7083690 ,"McDonalds"
8.8931098 , 49.2424889 ,"McDonalds"
9.1738098 , 48.8212090 ,"McDonalds"
10.4835798 , 48.8542490 ,"McDonalds"
10.4399297 , 48.4119252 ,"McDonalds"
8.3526898 , 49.5462790 ,"McDonalds"
9.6784098 , 49.2891590 ,"McDonalds"
9.1496298 , 48.9222889 ,"McDonalds"
10.0356298 , 48.3312790 ,"McDonalds"
8.7932099 , 47.8559389 ,"McDonalds"
10.1672698 , 48.0008082 ,"McDonalds"
9.0700398 , 49.2113790 ,"McDonalds"
8.5434298 , 49.4109290 ,"McDonalds"
10.3286098 , 47.7361654 ,"McDonalds"
10.1169497 , 48.2854990 ,"McDonalds"
9.8019498 , 48.0843190 ,"McDonalds"
9.2267598 , 48.4746390 ,"McDonalds"
9.8642398 , 47.5941626 ,"McDonalds"
9.4723198 , 48.4160590 ,"McDonalds"
10.2471998 , 49.1720390 ,"McDonalds"
9.4876398 , 49.2040490 ,"McDonalds"
10.0381898 , 47.8797190 ,"McDonalds"
9.1767598 , 47.6593891 ,"McDonalds"
9.1525898 , 47.6753490 ,"McDonalds"
10.2628598 , 48.4531890 ,"McDonalds"
9.0712999 , 48.5136990 ,"McDonalds"
8.4291298 , 49.3387590 ,"McDonalds"
10.1360098 , 48.8842990 ,"McDonalds"
9.7275798 , 47.5481491 ,"McDonalds"
9.5273198 , 48.8070690 ,"McDonalds"
10.1837998 , 48.9564790 ,"McDonalds"
10.2664897 , 47.4257653 ,"McDonalds"
9.3146098 , 49.5110612 ,"McDonalds"
9.4881898 , 48.0216190 ,"McDonalds"
8.8694098 , 48.8242790 ,"McDonalds"
9.6529798 , 48.7005190 ,"McDonalds"
8.3711398 , 49.2271490 ,"McDonalds"
8.4224798 , 49.4755290 ,"McDonalds"
8.3944199 , 49.0101725 ,"McDonalds"
8.3513798 , 49.0145560 ,"McDonalds"
8.4545398 , 49.4780590 ,"McDonalds"
8.3727697 , 48.9899587 ,"McDonalds"
8.5395798 , 49.3268090 ,"McDonalds"
10.3155098 , 47.7204148 ,"McDonalds"
8.4220498 , 49.4514990 ,"McDonalds"
8.5648698 , 49.1383275 ,"McDonalds"
8.5474597 , 49.5149690 ,"McDonalds"
8.4500599 , 49.5504290 ,"McDonalds"
9.6234398 , 47.7923991 ,"McDonalds"
8.7170498 , 48.9102890 ,"McDonalds"
10.2731997 , 48.0193269 ,"McDonalds"
8.6374398 , 49.5070390 ,"McDonalds"
8.8527797 , 47.7530290 ,"McDonalds"
9.2828798 , 48.8163890 ,"McDonalds"
10.3547798 , 48.2527657 ,"McDonalds"
8.3846699 , 49.4892690 ,"McDonalds"
9.2447798 , 48.9567190 ,"McDonalds"
8.3942698 , 49.0340623 ,"McDonalds"
9.3632798 , 48.8145290 ,"McDonalds"
8.9504798 , 47.7474090 ,"McDonalds"
10.5062498 , 48.0462352 ,"McDonalds"
9.1469998 , 48.8380390 ,"McDonalds"
9.6360398 , 47.8135290 ,"McDonalds"
9.0000098 , 48.6829090 ,"McDonalds"
10.0360198 , 48.3874490 ,"McDonalds"
8.5554398 , 49.1478090 ,"McDonalds"
8.6624298 , 48.3428090 ,"McDonalds"
9.1996298 , 48.8675190 ,"McDonalds"
9.0349498 , 48.4110498 ,"McDonalds"
8.8935498 , 48.5808467 ,"McDonalds"
9.2847198 , 48.5368084 ,"McDonalds"
8.5016198 , 49.2500154 ,"McDonalds"
8.6883098 , 49.3594756 ,"McDonalds"
9.3459098 , 48.6364221 ,"McDonalds"
10.2056998 , 48.6153882 ,"McDonalds"
8.4424298 , 49.4855437 ,"McDonalds"
9.2155198 , 48.5017740 ,"McDonalds"
8.3921698 , 49.3860312 ,"McDonalds"
9.0113798 , 48.7949399 ,"McDonalds"
10.4349798 , 49.2524992 ,"McDonalds"
10.2482397 , 47.8829228 ,"McDonalds"
9.1976398 , 48.6932038 ,"McDonalds"
9.4887698 , 48.1514017 ,"McDonalds"
9.1297798 , 48.7223930 ,"McDonalds"
8.8389398 , 47.7615734 ,"McDonalds"
8.9056298 , 48.6078852 ,"McDonalds"
9.3809198 , 48.4979853 ,"McDonalds"
9.2182698 , 48.8014945 ,"McDonalds"
12.9662597 , 47.8430426 ,"McDonalds"
12.5851197 , 47.9661950 ,"McDonalds"
11.6022597 , 48.0568090 ,"McDonalds"
11.5531497 , 48.0653223 ,"McDonalds"
11.5047297 , 48.0883259 ,"McDonalds"
11.2837097 , 48.0946940 ,"McDonalds"
11.6449398 , 48.1009562 ,"McDonalds"
11.5391198 , 48.1171687 ,"McDonalds"
11.6773297 , 48.1190926 ,"McDonalds"
11.6005598 , 48.1282135 ,"McDonalds"
11.5581096 , 48.1302345 ,"McDonalds"
11.5781098 , 48.1359822 ,"McDonalds"
11.5662698 , 48.1388998 ,"McDonalds"
11.5027498 , 48.1398751 ,"McDonalds"
11.5626997 , 48.1492645 ,"McDonalds"
11.5349398 , 48.1527320 ,"McDonalds"
11.5836697 , 48.1568588 ,"McDonalds"
11.5631998 , 48.1611368 ,"McDonalds"
11.5885997 , 48.1615108 ,"McDonalds"
11.4693797 , 48.1649654 ,"McDonalds"
11.5310098 , 48.1840830 ,"McDonalds"
11.6141598 , 48.1885412 ,"McDonalds"
11.2489798 , 48.1938912 ,"McDonalds"
12.4181998 , 48.2115015 ,"McDonalds"
11.5944697 , 48.2641896 ,"McDonalds"
11.5636398 , 48.2836158 ,"McDonalds"
11.8975698 , 48.2839439 ,"McDonalds"
11.0620098 , 48.3911686 ,"McDonalds"
13.3117997 , 48.3949560 ,"McDonalds"
10.8811498 , 48.3969660 ,"McDonalds"
12.7498997 , 48.4010852 ,"McDonalds"
12.0145997 , 48.4857032 ,"McDonalds"
12.1515697 , 48.5368952 ,"McDonalds"
12.1366397 , 48.5600261 ,"McDonalds"
12.3189197 , 48.6264269 ,"McDonalds"
12.4890698 , 48.6380192 ,"McDonalds"
11.1704897 , 48.7199032 ,"McDonalds"
11.4668698 , 48.7471613 ,"McDonalds"
11.3889498 , 48.7756605 ,"McDonalds"
12.9604497 , 48.8511789 ,"McDonalds"
12.0898498 , 49.0200465 ,"McDonalds"
10.7705298 , 49.1286890 ,"McDonalds"
11.7286098 , 49.1765590 ,"McDonalds"
11.4432797 , 49.2885790 ,"McDonalds"
11.0489798 , 49.3193090 ,"McDonalds"
11.0612397 , 49.4284090 ,"McDonalds"
11.8300696 , 49.4439790 ,"McDonalds"
11.0724398 , 49.4501490 ,"McDonalds"
11.0768698 , 49.4541189 ,"McDonalds"
11.1398298 , 49.4624889 ,"McDonalds"
11.0750598 , 49.4695789 ,"McDonalds"
11.0128998 , 49.4785290 ,"McDonalds"
11.1155198 , 49.4803690 ,"McDonalds"
11.0044598 , 49.5960889 ,"McDonalds"
11.5754798 , 49.9438890 ,"McDonalds"
11.6028598 , 49.9574090 ,"McDonalds"
12.0995197 , 50.0136477 ,"McDonalds"
11.0448998 , 50.1338122 ,"McDonalds"
11.8806898 , 50.3124060 ,"McDonalds"
10.7526497 , 50.5145290 ,"McDonalds"
11.6205697 , 50.8775790 ,"McDonalds"
12.0807397 , 50.8784189 ,"McDonalds"
11.5135997 , 51.0422890 ,"McDonalds"
13.2864797 , 51.2952090 ,"McDonalds"
12.4008998 , 51.4001689 ,"McDonalds"
11.9201897 , 51.4793895 ,"McDonalds"
12.0332697 , 51.5015790 ,"McDonalds"
11.4726398 , 48.2623446 ,"McDonalds"
11.1523198 , 47.8527462 ,"McDonalds"
12.1229398 , 49.0274882 ,"McDonalds"
11.6893798 , 47.8863697 ,"McDonalds"
11.3589798 , 47.7659049 ,"McDonalds"
12.1101398 , 48.9929872 ,"McDonalds"
13.7374397 , 51.6365490 ,"McDonalds"
12.3743798 , 51.3397389 ,"McDonalds"
10.5842698 , 49.5776889 ,"McDonalds"
10.7620998 , 48.7181912 ,"McDonalds"
11.4653498 , 48.2264880 ,"McDonalds"
11.3464098 , 48.0024210 ,"McDonalds"
12.6639797 , 49.2024634 ,"McDonalds"
13.4140197 , 48.5726793 ,"McDonalds"
13.4569697 , 48.5739690 ,"McDonalds"
14.9686997 , 51.1686715 ,"McDonalds"
11.3476798 , 50.6577689 ,"McDonalds"
12.2226097 , 49.9363810 ,"McDonalds"
10.8725698 , 49.9178768 ,"McDonalds"
12.8739397 , 50.8574190 ,"McDonalds"
12.0959798 , 48.5391102 ,"McDonalds"
11.5833298 , 50.9284789 ,"McDonalds"
11.8322197 , 51.1457789 ,"McDonalds"
13.4184097 , 48.5565976 ,"McDonalds"
12.0660198 , 50.9084889 ,"McDonalds"
12.8619997 , 50.8070790 ,"McDonalds"
14.0084197 , 51.5274589 ,"McDonalds"
12.0153298 , 51.4553795 ,"McDonalds"
12.4981198 , 51.2657809 ,"McDonalds"
12.7090997 , 50.5959889 ,"McDonalds"
12.4084997 , 50.9988590 ,"McDonalds"
12.7281298 , 51.2554190 ,"McDonalds"
13.6316897 , 51.0386289 ,"McDonalds"
13.1197898 , 51.1531019 ,"McDonalds"
11.1757498 , 48.8970283 ,"McDonalds"
11.9846897 , 51.3718865 ,"McDonalds"
10.5522298 , 50.9219290 ,"McDonalds"
14.2359597 , 51.4276190 ,"McDonalds"
12.8019897 , 48.1627789 ,"McDonalds"
12.3338197 , 48.4543263 ,"McDonalds"
12.1204398 , 50.1677800 ,"McDonalds"
10.9157698 , 49.5735590 ,"McDonalds"
12.3381197 , 51.5108589 ,"McDonalds"
11.9531698 , 51.5224490 ,"McDonalds"
12.9459897 , 48.4173929 ,"McDonalds"
12.3459198 , 47.8441516 ,"McDonalds"
11.4467898 , 50.1134090 ,"McDonalds"
11.2515697 , 50.1368190 ,"McDonalds"
12.6812796 , 48.6778227 ,"McDonalds"
11.5654098 , 47.7482782 ,"McDonalds"
11.9030897 , 47.8285784 ,"McDonalds"
12.0645098 , 47.8433583 ,"McDonalds"
12.1253197 , 47.8468307 ,"McDonalds"
13.9139297 , 50.9563545 ,"McDonalds"
11.2064398 , 49.3654790 ,"McDonalds"
11.3715098 , 48.1388773 ,"McDonalds"
12.3807098 , 51.3451489 ,"McDonalds"
11.2888498 , 48.5639440 ,"McDonalds"
12.1005397 , 49.0106903 ,"McDonalds"
13.7346697 , 51.2946974 ,"McDonalds"
11.4350097 , 48.7712290 ,"McDonalds"
12.1730397 , 48.9716477 ,"McDonalds"
12.1761897 , 51.3467289 ,"McDonalds"
11.8713897 , 48.9118411 ,"McDonalds"
11.4798598 , 48.1455121 ,"McDonalds"
13.6925297 , 51.0851590 ,"McDonalds"
13.4894598 , 51.1652694 ,"McDonalds"
11.0015898 , 49.8201590 ,"McDonalds"
11.7532197 , 48.3813390 ,"McDonalds"
11.6356097 , 48.3060846 ,"McDonalds"
11.0805997 , 49.4399590 ,"McDonalds"
11.1019898 , 47.5022788 ,"McDonalds"
11.2022898 , 47.6912158 ,"McDonalds"
11.1425198 , 49.4280990 ,"McDonalds"
11.7899598 , 50.5517489 ,"McDonalds"
11.0153098 , 49.4533890 ,"McDonalds"
11.0829098 , 49.4462234 ,"McDonalds"
12.4281297 , 51.2834590 ,"McDonalds"
13.5259997 , 48.8084991 ,"McDonalds"
11.3038598 , 51.4506889 ,"McDonalds"
10.6854498 , 50.6435853 ,"McDonalds"
12.8981298 , 48.7899107 ,"McDonalds"
11.7586898 , 47.6857066 ,"McDonalds"
12.4754597 , 51.3720989 ,"McDonalds"
11.5633398 , 48.1376258 ,"McDonalds"
10.5835198 , 49.3032190 ,"McDonalds"
11.5312897 , 48.0475917 ,"McDonalds"
11.5760398 , 48.1129973 ,"McDonalds"
11.3430298 , 49.3817590 ,"McDonalds"
11.1039798 , 49.2476190 ,"McDonalds"
10.6810597 , 47.5677242 ,"McDonalds"
10.7589197 , 48.1971269 ,"McDonalds"
10.8944698 , 48.3669105 ,"McDonalds"
11.9888198 , 51.1882390 ,"McDonalds"
12.0631898 , 49.0098463 ,"McDonalds"
11.0777497 , 50.9763589 ,"McDonalds"
10.9609398 , 49.0177790 ,"McDonalds"
12.1498598 , 49.3148545 ,"McDonalds"
12.0985997 , 49.3088976 ,"McDonalds"
12.3960297 , 50.4939590 ,"McDonalds"
11.5767298 , 51.5105895 ,"McDonalds"
10.9910498 , 49.4731790 ,"McDonalds"
11.2876297 , 49.5150790 ,"McDonalds"
11.8547298 , 48.0828505 ,"McDonalds"
13.3328297 , 50.8958890 ,"McDonalds"
10.9646098 , 49.5842890 ,"McDonalds"
11.0644197 , 49.7003790 ,"McDonalds"
10.9887897 , 51.0126490 ,"McDonalds"
12.2589698 , 51.6656589 ,"McDonalds"
11.9071597 , 51.4639189 ,"McDonalds"
11.4269397 , 47.9002850 ,"McDonalds"
12.9868498 , 47.5928825 ,"McDonalds"
11.0348097 , 50.9765490 ,"McDonalds"
12.6293598 , 47.8550800 ,"McDonalds"
12.9709296 , 51.5617790 ,"McDonalds"
11.3972098 , 50.2567489 ,"McDonalds"
12.5009897 , 50.7059865 ,"McDonalds"
10.9371198 , 48.3832635 ,"McDonalds"
12.2634697 , 51.3473189 ,"McDonalds"
12.6588797 , 48.2260060 ,"McDonalds"
13.1910198 , 48.6305690 ,"McDonalds"
10.6046698 , 47.7735129 ,"McDonalds"
14.4541697 , 51.1901789 ,"McDonalds"
12.5918497 , 50.6803690 ,"McDonalds"
12.2220598 , 48.0490466 ,"McDonalds"
11.3160498 , 50.9609689 ,"McDonalds"
11.0020397 , 49.3110890 ,"McDonalds"
10.9706598 , 50.2729190 ,"McDonalds"
11.9863297 , 51.4779589 ,"McDonalds"
12.6088497 , 48.8836051 ,"McDonalds"
10.8306898 , 51.4887090 ,"McDonalds"
12.9764997 , 50.9076790 ,"McDonalds"
10.9775098 , 48.2739010 ,"McDonalds"
11.5859298 , 48.1210018 ,"McDonalds"
13.1370297 , 48.9652687 ,"McDonalds"
11.5846297 , 48.1922326 ,"McDonalds"
12.1915698 , 51.3998989 ,"McDonalds"
11.8547298 , 50.9694989 ,"McDonalds"
11.6914298 , 48.1325890 ,"McDonalds"
10.9242298 , 50.6914690 ,"McDonalds"
13.7391397 , 51.0498090 ,"McDonalds"
13.0102597 , 50.5915589 ,"McDonalds"
10.8667898 , 48.0636439 ,"McDonalds"
11.8730497 , 50.8897689 ,"McDonalds"
10.9579598 , 50.8563189 ,"McDonalds"
11.2681098 , 48.2806068 ,"McDonalds"
12.4445697 , 50.8418588 ,"McDonalds"
11.3425198 , 49.0429749 ,"McDonalds"
10.8414998 , 48.3766226 ,"McDonalds"
11.0048898 , 49.5939990 ,"McDonalds"
10.9210397 , 49.8827890 ,"McDonalds"
11.5639197 , 48.2123521 ,"McDonalds"
13.7371797 , 51.0482990 ,"McDonalds"
13.7194297 , 50.9985090 ,"McDonalds"
12.3097098 , 51.3279090 ,"McDonalds"
10.8728198 , 47.8070087 ,"McDonalds"
11.1932398 , 50.9496290 ,"McDonalds"
10.8973097 , 48.2899221 ,"McDonalds"
11.8881398 , 48.3063931 ,"McDonalds"
13.7396297 , 51.0747190 ,"McDonalds"
10.8686498 , 48.3982706 ,"McDonalds"
12.1874298 , 51.6082190 ,"McDonalds"
12.9216298 , 50.8314389 ,"McDonalds"
12.1351798 , 49.5331314 ,"McDonalds"
11.7880397 , 48.3528390 ,"McDonalds"
11.4698697 , 49.6638290 ,"McDonalds"
10.6417898 , 47.8999854 ,"McDonalds"
10.8991497 , 49.9001790 ,"McDonalds"
12.4860098 , 51.1143090 ,"McDonalds"
11.7790698 , 50.2025897 ,"McDonalds"
11.8615298 , 48.8098560 ,"McDonalds"
10.8867698 , 48.3651107 ,"McDonalds"
10.8845198 , 48.3448829 ,"McDonalds"
13.8036897 , 50.9945090 ,"McDonalds"
10.9238297 , 49.6279589 ,"McDonalds"
11.7779697 , 48.6329370 ,"McDonalds"
11.6160898 , 50.0545162 ,"McDonalds"
10.7218898 , 50.9198990 ,"McDonalds"
11.5839697 , 48.5086993 ,"McDonalds"
10.5298598 , 50.0311290 ,"McDonalds"
12.1004397 , 49.0149059 ,"McDonalds"
11.6613498 , 48.0422390 ,"McDonalds"
12.0646698 , 48.9735086 ,"McDonalds"
12.5213697 , 47.8286126 ,"McDonalds"
10.9526398 , 48.4070535 ,"McDonalds"
12.2857597 , 50.6193390 ,"McDonalds"
10.6222397 , 48.0439188 ,"McDonalds"
12.1192298 , 47.8504283 ,"McDonalds"
13.8047997 , 51.0522390 ,"McDonalds"
13.8953097 , 51.0652390 ,"McDonalds"
14.4272297 , 51.1798789 ,"McDonalds"
12.9401297 , 50.8463290 ,"McDonalds"
13.2967198 , 51.0370561 ,"McDonalds"
12.9122597 , 50.8272877 ,"McDonalds"
12.5052198 , 48.2516986 ,"McDonalds"
11.4374097 , 48.7396250 ,"McDonalds"
12.1603198 , 51.0364857 ,"McDonalds"
12.1713397 , 50.4963042 ,"McDonalds"
12.1365797 , 50.4952337 ,"McDonalds"
10.8145998 , 49.6963009 ,"McDonalds"
12.3310897 , 51.3323038 ,"McDonalds"
14.7841997 , 50.8989993 ,"McDonalds"
11.6879897 , 48.2315890 ,"McDonalds"
13.6654097 , 51.0547353 ,"McDonalds"
11.7899198 , 48.1469843 ,"McDonalds"
12.7086397 , 51.2613659 ,"McDonalds"
11.7639497 , 48.1763494 ,"McDonalds"
11.3335298 , 48.2248030 ,"McDonalds"
11.6066998 , 48.1869398 ,"McDonalds"
11.5508497 , 48.1421459 ,"McDonalds"
11.4644197 , 48.1476002 ,"McDonalds"
11.7439998 , 48.3951668 ,"McDonalds"
11.5325598 , 48.1832890 ,"McDonalds"
11.5604997 , 48.1407935 ,"McDonalds"
12.1156098 , 49.0252265 ,"McDonalds"
11.0774398 , 49.4500909 ,"McDonalds"
11.0380898 , 50.9727997 ,"McDonalds"
11.5205798 , 48.6443741 ,"McDonalds"
10.9127898 , 48.4124091 ,"McDonalds"
12.1540598 , 49.6646150 ,"McDonalds"
11.9170298 , 49.7160975 ,"McDonalds"
10.9054798 , 48.3660771 ,"McDonalds"
11.7577198 , 48.1241903 ,"McDonalds"
12.3649697 , 49.0022982 ,"McDonalds"
12.1124398 , 49.1166106 ,"McDonalds"
12.0594997 , 49.1958951 ,"McDonalds"
11.4438498 , 48.2547070 ,"McDonalds"
11.6110497 , 48.3361091 ,"McDonalds"
11.5878397 , 48.5556110 ,"McDonalds"
11.4268397 , 47.9141718 ,"McDonalds"
10.8562698 , 50.1009892 ,"McDonalds"
14.3252897 , 51.7500342 ,"McDonalds"
11.1441898 , 50.3399537 ,"McDonalds"
11.7736597 , 50.4053269 ,"McDonalds"
11.4898498 , 50.0382603 ,"McDonalds"
11.8094898 , 50.8759470 ,"McDonalds"
11.5794998 , 49.9494048 ,"McDonalds"
11.5564597 , 48.1281632 ,"Subway"
11.5433997 , 48.1444614 ,"Subway"
9.3030598 , 48.7402490 ,"Subway"
8.6951599 , 49.4100190 ,"Subway"
6.6791699 , 49.9837390 ,"Subway"
8.7025898 , 50.1224390 ,"Subway"
6.9459899 , 50.9466589 ,"Subway"
6.7761699 , 51.2255889 ,"Subway"
7.2156599 , 51.4831590 ,"Subway"
8.5303499 , 52.0204489 ,"Subway"
13.3122098 , 52.5001189 ,"Subway"
13.4101097 , 52.5217889 ,"Subway"
13.4012097 , 52.5255589 ,"Subway"
8.4094698 , 49.0080689 ,"Subway"
13.3307898 , 52.5029789 ,"Subway"
13.2866497 , 52.5833989 ,"Subway"
7.0857299 , 51.1737689 ,"Subway"
9.9821698 , 53.5656189 ,"Subway"
8.6953698 , 50.0479590 ,"Subway"
6.7795999 , 51.2372489 ,"Subway"
8.0554298 , 49.9724889 ,"Subway"
7.8868199 , 49.8472190 ,"Subway"
12.0640198 , 47.8437393 ,"Subway"
11.5806797 , 48.1517462 ,"Subway"
11.7570897 , 48.1618498 ,"Subway"
12.3765798 , 51.3385990 ,"Subway"
13.4033497 , 52.5210289 ,"Subway"
8.5357498 , 48.0641590 ,"Subway"
7.0978799 , 50.7328890 ,"Subway"
11.0817098 , 49.4461083 ,"Subway"
9.9299498 , 51.5372190 ,"Subway"
8.7468599 , 51.7156488 ,"Subway"
13.4332397 , 52.5103289 ,"Subway"
8.2405099 , 50.0846590 ,"Subway"
8.6797698 , 50.1166090 ,"Subway"
8.8289897 , 53.0722189 ,"Subway"
6.7876298 , 51.2280289 ,"Subway"
6.7716599 , 51.4324289 ,"Subway"
7.8202998 , 50.4423790 ,"Subway"
7.2031698 , 50.7943390 ,"Subway"
9.9886098 , 53.4569689 ,"Subway"
7.6230298 , 51.9607689 ,"Subway"
8.8841898 , 49.2451590 ,"Subway"
11.4245298 , 48.7650304 ,"Subway"
7.1030599 , 50.7372190 ,"Subway"
9.7387898 , 52.3761290 ,"Subway"
13.7385897 , 51.0480289 ,"Subway"
13.8046097 , 51.0522790 ,"Subway"
9.7507398 , 52.3691990 ,"Subway"
9.7326398 , 52.3778189 ,"Subway"
9.7947798 , 52.3933389 ,"Subway"
13.3875697 , 52.5495189 ,"Subway"
10.1346498 , 54.3198889 ,"Subway"
12.3804398 , 51.3447989 ,"Subway"
9.1756598 , 48.7754189 ,"Subway"
10.1321198 , 54.3299589 ,"Subway"
6.9961299 , 49.2333190 ,"Subway"
12.9218697 , 50.8314089 ,"Subway"
12.4899697 , 50.7200290 ,"Subway"
13.7509597 , 51.0632390 ,"Subway"
13.3446098 , 50.9201290 ,"Subway"
6.7516399 , 49.3143990 ,"Subway"
11.4103297 , 53.6289889 ,"Subway"
8.6524198 , 49.2938990 ,"Subway"
13.4340997 , 52.4814789 ,"Subway"
8.1367799 , 49.7452190 ,"Subway"
14.4274097 , 51.1790189 ,"Subway"
13.3849597 , 54.0959689 ,"Subway"
13.0876898 , 54.3112989 ,"Subway"
6.9991598 , 51.0530290 ,"Subway"
9.1384998 , 48.5316490 ,"Subway"
6.7765998 , 51.2182589 ,"Subway"
8.2673998 , 49.9986789 ,"Subway"
8.7672298 , 50.8066889 ,"Subway"
11.0241097 , 50.9784490 ,"Subway"
6.8790999 , 51.4018890 ,"Subway"
9.6138498 , 47.7803453 ,"Subway"
6.0882099 , 50.7751189 ,"Subway"
6.1039198 , 50.7965590 ,"Subway"
6.8343699 , 50.9163090 ,"Subway"
9.7327098 , 52.4167389 ,"Subway"
8.5803399 , 53.5414189 ,"Subway"
11.4768498 , 48.1152090 ,"Subway"
6.4827298 , 50.8055590 ,"Subway"
7.0041699 , 51.4586490 ,"Subway"
9.7836298 , 52.3726289 ,"Subway"
9.9301498 , 49.7968390 ,"Subway"
11.5849798 , 50.9292589 ,"Subway"
8.0628299 , 52.2656789 ,"Subway"
6.6413298 , 51.6598789 ,"Subway"
6.9606898 , 50.9365889 ,"Subway"
8.4517798 , 49.4800090 ,"Subway"
7.7915198 , 47.9990090 ,"Subway"
9.4623098 , 52.5044989 ,"Subway"
9.3559697 , 52.1021589 ,"Subway"
7.4408098 , 52.2784758 ,"Subway"
7.1889999 , 51.5080490 ,"Subway"
6.7751199 , 51.2008289 ,"Subway"
8.7088499 , 49.4118590 ,"Subway"
13.3828197 , 52.5308588 ,"Subway"
8.4755898 , 49.4867690 ,"Subway"
8.4654397 , 49.4867789 ,"Subway"
11.3296198 , 50.9851889 ,"Subway"
6.6168698 , 51.8349189 ,"Subway"
8.4713998 , 49.4798490 ,"Subway"
11.0900597 , 49.4409190 ,"Subway"
7.6929899 , 51.3960562 ,"Subway"
8.6976298 , 53.8612489 ,"Subway"
13.2599097 , 52.4297290 ,"Subway"
7.5266299 , 50.5624888 ,"Subway"
8.6558497 , 49.5493590 ,"Subway"
6.9640099 , 51.6590690 ,"Subway"
7.4597399 , 51.5145689 ,"Subway"
13.4715297 , 51.1612790 ,"Subway"
7.8444399 , 51.0233790 ,"Subway"
7.6334499 , 51.9569590 ,"Subway"
10.1384598 , 54.3234889 ,"Subway"
13.5344797 , 52.4320389 ,"Subway"
9.4370298 , 54.7858889 ,"Subway"
9.2295698 , 52.9211989 ,"Subway"
6.6366899 , 50.9500290 ,"Subway"
9.9169998 , 53.5996689 ,"Subway"
6.0772899 , 50.8359590 ,"Subway"
9.7898097 , 52.3172789 ,"Subway"
6.7081598 , 51.4196527 ,"Subway"
6.5692999 , 51.3268590 ,"Subway"
9.9508198 , 52.1510289 ,"Subway"
11.4679997 , 48.7470690 ,"Subway"
9.6932598 , 49.1031290 ,"Subway"
10.8858298 , 48.3661870 ,"Subway"
6.9229199 , 51.5215090 ,"Subway"
11.1043997 , 47.4946025 ,"Subway"
9.0154597 , 48.6855189 ,"Subway"
9.0111698 , 48.7964690 ,"Subway"
6.8452999 , 50.9378790 ,"Subway"
8.1399698 , 49.3513690 ,"Subway"
12.3727897 , 51.3150990 ,"Subway"
11.4652898 , 53.8915589 ,"Subway"
10.1329598 , 54.3148789 ,"Subway"
7.4593898 , 50.4292789 ,"Subway"
8.5938798 , 51.9959589 ,"Subway"
6.8914598 , 50.9467789 ,"Subway"
6.9968699 , 50.9375090 ,"Subway"
10.5354798 , 52.2514590 ,"Subway"
9.1741198 , 48.7718490 ,"Subway"
8.7813899 , 51.0598689 ,"Subway"
8.7721697 , 50.8076789 ,"Subway"
9.1433398 , 49.9798790 ,"Subway"
7.0007998 , 51.3878990 ,"Subway"
11.0023998 , 49.5957490 ,"Subway"
7.0564499 , 50.6336990 ,"Subway"
8.2394298 , 52.6662589 ,"Subway"
8.0387699 , 52.8432989 ,"Subway"
10.6693698 , 53.8782289 ,"Subway"
8.8497297 , 53.0480289 ,"Subway"
8.8071498 , 53.0749990 ,"Subway"
8.8089398 , 53.0785889 ,"Subway"
8.8121698 , 53.0829589 ,"Subway"
8.1984698 , 53.1333789 ,"Subway"
8.2167699 , 53.1402389 ,"Subway"
8.2129198 , 53.1437990 ,"Subway"
8.6508198 , 49.8702490 ,"Subway"
6.1429499 , 51.7882990 ,"Subway"
8.2798898 , 50.6745190 ,"Subway"
9.7061898 , 50.8680789 ,"Subway"
6.9353498 , 50.9280390 ,"Subway"
8.2673698 , 50.0015890 ,"Subway"
6.4368899 , 51.1940390 ,"Subway"
6.4435298 , 51.1662189 ,"Subway"
6.4506099 , 51.1944189 ,"Subway"
11.8580597 , 52.6077489 ,"Subway"
8.6963598 , 48.8920490 ,"Subway"
10.8971598 , 48.3701749 ,"Subway"
9.2168898 , 48.8037890 ,"Subway"
9.9384298 , 51.5340690 ,"Subway"
9.3272698 , 48.6332090 ,"Subway"
8.6306898 , 50.1165590 ,"Subway"
8.0069899 , 52.2661314 ,"Subway"
8.3803198 , 51.9081389 ,"Subway"
8.5335198 , 52.0289989 ,"Subway"
7.4736098 , 51.3579290 ,"Subway"
6.9972798 , 50.9234089 ,"Subway"
8.1307598 , 49.1921490 ,"Subway"
7.5766498 , 51.0037689 ,"Subway"
6.5429699 , 51.5104453 ,"Subway"
9.7981198 , 52.4053090 ,"Subway"
13.0682198 , 52.3908489 ,"Subway"
8.5000998 , 50.5594990 ,"Subway"
9.7431798 , 52.3691789 ,"Subway"
8.5549298 , 52.1931389 ,"Subway"
8.5562298 , 52.1921790 ,"Subway"
6.6975399 , 51.2445488 ,"Subway"
9.1895798 , 48.8956290 ,"Subway"
7.5568599 , 50.9901789 ,"Subway"
9.9394198 , 51.5557990 ,"Subway"
9.9933998 , 48.3976590 ,"Subway"
14.3339497 , 51.7589789 ,"Subway"
10.0005598 , 49.9116990 ,"Subway"
8.6223899 , 50.2244590 ,"Subway"
8.5801498 , 50.2239290 ,"Subway"
7.0159698 , 51.4576689 ,"Subway"
6.8830699 , 51.4582190 ,"Subway"
10.5282297 , 52.2645590 ,"Subway"
6.7967298 , 51.1926089 ,"Subway"
6.9312499 , 51.1665290 ,"Subway"
7.0468798 , 50.9703190 ,"Subway"
6.8672698 , 51.1489990 ,"Subway"
10.6906498 , 53.8320889 ,"Subway"
9.7245798 , 53.5840589 ,"Subway"
7.1189598 , 50.8802489 ,"Subway"
6.9329699 , 50.9206090 ,"Subway"
8.9193898 , 50.1344490 ,"Subway"
8.9091598 , 50.1791489 ,"Subway"
8.6816298 , 50.1118190 ,"Subway"
6.7464899 , 51.5666390 ,"Subway"
9.1110998 , 48.7300190 ,"Subway"
7.1643998 , 51.2571390 ,"Subway"
6.6828499 , 50.8971390 ,"Subway"
6.9410499 , 50.9291388 ,"Subway"
7.3360899 , 51.6431589 ,"Subway"
8.4301198 , 49.3280190 ,"Subway"
9.1751998 , 47.6581091 ,"Subway"
8.7820898 , 50.0179090 ,"Subway"
9.0698998 , 48.5145990 ,"Subway"
6.5936398 , 51.3231390 ,"Subway"
7.7146798 , 49.4422689 ,"Subway"
7.7672798 , 49.4366889 ,"Subway"
6.1160599 , 50.9213690 ,"Subway"
13.3463097 , 52.4549489 ,"Subway"
7.0681399 , 50.7267689 ,"Subway"
9.6931498 , 53.4728489 ,"Subway"
9.6978498 , 53.7458889 ,"Subway"
10.0930598 , 53.6522489 ,"Subway"
12.1367997 , 50.4954290 ,"Subway"
12.1704998 , 50.4965689 ,"Subway"
7.6056499 , 51.9378389 ,"Subway"
7.6337699 , 51.9619090 ,"Subway"
7.0188898 , 52.0852589 ,"Subway"
9.7082698 , 50.4875807 ,"Subway"
7.3174399 , 52.5214289 ,"Subway"
12.4938898 , 51.1218089 ,"Subway"
8.1916398 , 48.7835889 ,"Subway"
6.7939698 , 51.2237088 ,"Subway"
7.2897598 , 50.7731990 ,"Subway"
7.2272898 , 50.6305589 ,"Subway"
13.3056497 , 52.5098489 ,"Subway"
12.5723998 , 48.8818150 ,"Subway"
7.6290998 , 50.8819288 ,"Subway"
12.7232597 , 51.2331189 ,"Subway"
11.6308397 , 52.1291190 ,"Subway"
12.6572298 , 49.2035106 ,"Subway"
8.5766698 , 48.1714790 ,"Subway"
8.3569398 , 52.1911089 ,"Subway"
12.7221597 , 51.2332888 ,"Subway"
6.5757399 , 50.9871589 ,"Subway"
11.6919597 , 48.3297158 ,"Subway"
10.8045398 , 51.4835389 ,"Subway"
7.4370998 , 51.4817190 ,"Subway"
7.4732798 , 51.5138890 ,"Subway"
8.6216498 , 49.6955990 ,"Subway"
6.9133599 , 50.8452890 ,"Subway"
6.3441499 , 51.2543189 ,"Subway"
8.0928899 , 50.3807690 ,"Subway"
8.0626698 , 50.3861990 ,"Subway"
6.1220999 , 50.7790090 ,"Subway"
11.1708798 , 52.8425389 ,"Subway"
9.1681098 , 48.6967590 ,"Subway"
7.0969798 , 50.7368089 ,"Subway"
7.1299499 , 50.7504790 ,"Subway"
12.4932298 , 50.7181689 ,"Subway"
9.3156698 , 49.5100590 ,"Subway"
8.0486598 , 50.3821790 ,"Subway"
6.1187899 , 50.7703690 ,"Subway"
7.5128399 , 50.3968089 ,"Subway"
8.6459899 , 53.0374889 ,"Subway"
8.4039898 , 49.0057790 ,"Subway"
8.3941998 , 49.0093990 ,"Subway"
8.4015698 , 48.9942214 ,"Subway"
9.3965298 , 53.1033689 ,"Subway"
8.8010098 , 53.0787090 ,"Subway"
9.5056997 , 53.2932489 ,"Subway"
11.2089698 , 53.8650589 ,"Subway"
9.2888498 , 53.1928388 ,"Subway"
10.9685097 , 50.8304790 ,"Subway"
11.4454797 , 53.8921489 ,"Subway"
7.1867999 , 50.8831990 ,"Subway"
10.7303098 , 52.3689690 ,"Subway"
8.8180097 , 52.2142690 ,"Subway"
13.4019397 , 52.5299989 ,"Subway"
12.0152998 , 48.4859379 ,"Subway"
9.7331798 , 52.3760290 ,"Subway"
9.7392098 , 52.3794888 ,"Subway"
9.7257198 , 52.3825389 ,"Subway"
9.8135598 , 52.3073290 ,"Subway"
9.7401898 , 52.4395790 ,"Subway"
9.3561798 , 52.1050389 ,"Subway"
10.5344798 , 52.1611590 ,"Subway"
9.2133398 , 48.4971890 ,"Subway"
12.9295297 , 50.8388190 ,"Subway"
12.9384998 , 50.8452490 ,"Subway"
12.8632097 , 50.8624088 ,"Subway"
12.3013897 , 51.3429290 ,"Subway"
8.7606998 , 48.7043690 ,"Subway"
7.0094998 , 51.4649589 ,"Subway"
6.7768499 , 51.2082989 ,"Subway"
7.1619099 , 49.4626390 ,"Subway"
8.6629599 , 48.3434590 ,"Subway"
11.4399697 , 48.2530356 ,"Subway"
8.2946198 , 49.0415090 ,"Subway"
12.4482797 , 50.8365790 ,"Subway"
7.9982998 , 50.9616989 ,"Subway"
6.4210999 , 51.1400106 ,"Subway"
7.2946398 , 50.5136389 ,"Subway"
10.8873598 , 49.8934390 ,"Subway"
13.3848597 , 52.4555689 ,"Subway"
13.3761997 , 52.5094389 ,"Subway"
6.7809398 , 50.7968690 ,"Subway"
9.9636498 , 52.1629489 ,"Subway"
11.9861598 , 48.1557890 ,"Subway"
7.5602698 , 51.4546489 ,"Subway"
10.3142198 , 47.7268688 ,"Subway"
9.6357798 , 47.8151390 ,"Subway"
6.8300098 , 51.5207490 ,"Subway"
11.8068398 , 48.1724990 ,"Subway"
7.1304099 , 50.7500689 ,"Subway"
9.9912598 , 48.4011090 ,"Subway"
12.2020098 , 50.6558490 ,"Subway"
7.2838999 , 51.8363590 ,"Subway"
8.3661698 , 49.2295890 ,"Subway"
7.5956498 , 47.5784091 ,"Subway"
7.6736398 , 52.8537989 ,"Subway"
8.5385998 , 49.3284590 ,"Subway"
8.4854099 , 49.4765190 ,"Subway"
8.4958898 , 49.5018090 ,"Subway"
12.5214298 , 48.2428147 ,"Subway"
12.8309897 , 48.1706962 ,"Subway"
11.7361198 , 48.3871472 ,"Subway"
9.9821698 , 53.4599089 ,"Subway"
9.7262598 , 48.2711190 ,"Subway"
9.4226798 , 48.9591490 ,"Subway"
9.2778298 , 50.7529190 ,"Subway"
10.3248998 , 50.9748490 ,"Subway"
9.9794498 , 52.3750189 ,"Subway"
12.2092998 , 48.0612414 ,"Subway"
11.4751398 , 49.3130890 ,"Subway"
9.2699998 , 48.7417090 ,"Subway"
9.0069798 , 48.6369690 ,"Subway"
8.2148999 , 48.8620490 ,"Subway"
8.6272698 , 48.0754590 ,"Subway"
8.0859598 , 47.5681391 ,"Subway"
8.5014098 , 49.4496690 ,"Subway"
12.9073496 , 50.8260490 ,"Subway"
12.5007098 , 50.7080298 ,"Subway"
8.6576698 , 48.9033390 ,"Subway"
12.9375798 , 50.8463089 ,"Subway"
8.8548298 , 49.9174089 ,"Subway"
8.6616998 , 52.1169390 ,"Subway"
6.8524399 , 51.4731890 ,"Subway"
6.9304799 , 49.3358990 ,"Subway"
10.0810398 , 52.6255488 ,"Subway"
14.2844597 , 53.0610788 ,"Subway"
8.1141398 , 53.5197089 ,"Subway"
12.1847897 , 49.8049216 ,"Subway"
10.4474298 , 48.5747133 ,"Subway"
10.9161698 , 50.6850690 ,"Subway"
12.2666997 , 51.3462490 ,"Subway"
6.5412498 , 51.3488490 ,"Subway"
7.0676298 , 51.1918889 ,"Subway"
7.1278898 , 51.2507189 ,"Subway"
9.2767499 , 53.2859189 ,"Subway"
10.0202298 , 48.3961091 ,"Subway"
7.5071198 , 50.3470789 ,"Subway"
9.0262898 , 48.2105270 ,"Subway"
8.8486798 , 48.2639891 ,"Subway"
10.7902898 , 52.4257607 ,"Subway"
10.1839198 , 47.9853930 ,"Subway"
10.4391798 , 48.4098314 ,"Subway"
8.0239998 , 52.2912989 ,"Subway"
8.0472498 , 52.2727537 ,"Subway"
8.7063698 , 49.0318090 ,"Subway"
11.7731097 , 50.8659395 ,"Subway"
13.2468297 , 52.7551090 ,"Subway"
13.8190697 , 52.8335243 ,"Subway"
8.4975098 , 49.9096345 ,"Subway"
13.4754897 , 52.5138586 ,"Subway"
8.9602998 , 53.0518589 ,"Subway"
10.0630798 , 49.1410890 ,"Subway"
8.9302497 , 50.1468619 ,"Subway"
9.4995498 , 51.3172991 ,"Subway"
9.3018798 , 48.8305736 ,"Subway"
9.2799498 , 48.8154981 ,"Subway"
7.7966898 , 49.4556891 ,"Subway"
9.4246298 , 54.7918655 ,"Subway"
9.6183298 , 52.4292457 ,"Subway"
12.6781398 , 54.4404565 ,"Subway"
7.2755998 , 49.3468990 ,"Subway"
7.3382698 , 49.3216790 ,"Subway"
7.1355299 , 49.2689850 ,"Subway"
11.6163997 , 50.0541958 ,"Subway"
9.8391598 , 47.6853726 ,"Subway"
7.8177298 , 50.6623090 ,"Subway"
13.2505097 , 52.5393304 ,"Subway"
7.0551498 , 51.5763357 ,"Subway"
11.0458397 , 50.1338661 ,"Subway"
7.7145599 , 52.2620842 ,"Subway"
10.6946598 , 53.9188657 ,"Subway"
6.4376999 , 51.1946642 ,"Subway"
11.4231898 , 48.1429818 ,"Subway"
13.1972898 , 52.5345559 ,"Subway"
6.3077799 , 51.0755773 ,"Subway"
8.4966298 , 47.9354501 ,"Subway"
8.5290699 , 48.0336860 ,"Subway"
8.2110198 , 50.0433359 ,"Subway"
10.8975397 , 48.2923705 ,"Subway"
7.6313598 , 51.9330803 ,"Subway"
12.1770197 , 51.3453245 ,"Subway"
12.0779298 , 50.8927926 ,"Subway"
6.7960698 , 50.6606464 ,"Subway"
6.9722199 , 50.8582100 ,"Subway"
11.5640298 , 48.2831339 ,"Subway"
11.5070297 , 48.1805167 ,"Subway"
11.5635298 , 48.1372499 ,"Subway"
11.5026398 , 48.1378513 ,"Subway"
11.5980698 , 48.1944057 ,"Subway"
11.4643698 , 48.1478222 ,"Subway"
11.5831497 , 48.1329932 ,"Subway"
11.4658297 , 47.8750198 ,"Subway"
11.7907397 , 48.3545219 ,"Subway"
11.5596398 , 48.1406502 ,"Subway"
13.3801997 , 52.5103558 ,"Subway"
12.1002397 , 49.0106826 ,"Subway"
12.1157997 , 49.0256415 ,"Subway"
11.3643498 , 48.1294817 ,"Subway"
11.5797298 , 48.1157212 ,"Subway"
11.5917298 , 48.1297443 ,"Subway"
13.2427297 , 52.4330586 ,"Subway"
10.0043498 , 48.3932998 ,"Subway"
11.6093397 , 48.1355176 ,"Subway"
11.0812297 , 49.4405543 ,"Subway"
7.8422298 , 47.9981524 ,"Subway"
11.0376697 , 50.9726713 ,"Subway"
7.2445498 , 50.3275513 ,"Subway"
12.3197697 , 48.6263206 ,"Subway"
12.4996398 , 48.6291598 ,"Subway"
13.4558697 , 48.5735431 ,"Subway"
13.4220597 , 48.5703472 ,"Subway"
12.0584197 , 49.0102967 ,"Subway"
12.1248897 , 49.0308519 ,"Subway"
7.5897199 , 49.1930752 ,"Subway"
12.0646797 , 48.9794768 ,"Subway"
12.1930096 , 48.9811034 ,"Subway"
11.3901097 , 48.7739237 ,"Subway"
13.2858997 , 51.2943808 ,"Subway"
11.5055998 , 48.5302424 ,"Subway"
11.5824998 , 48.5100321 ,"Subway"
10.7784197 , 48.7192601 ,"Subway"
11.2598198 , 48.1763946 ,"Subway"
12.9594497 , 48.8316310 ,"Subway"
12.0998797 , 49.3124396 ,"Subway"
12.6365697 , 47.8790042 ,"Subway"
12.7088797 , 48.2397934 ,"Subway"
12.5500697 , 48.2727581 ,"Subway"
11.5400298 , 49.7500457 ,"Subway"
12.1350898 , 49.5325430 ,"Subway"
12.1523597 , 49.6634206 ,"Subway"
11.9170898 , 50.3065587 ,"Subway"
6.6339899 , 51.4501956 ,"Subway"
10.2089898 , 53.3618970 ,"Subway"
11.0867498 , 50.9773018 ,"Subway"
10.9940797 , 51.0086217 ,"Subway"
10.3153998 , 50.9919275 ,"Subway"
11.1189898 , 51.1591700 ,"Subway"
6.7755999 , 51.3692855 ,"Subway"
8.0638598 , 52.2062422 ,"Subway"
9.4870998 , 48.0226941 ,"Subway"
13.4626098 , 52.5151551 ,"Subway"
7.5945398 , 50.3568975 ,"Subway"
12.2345098 , 51.8894370 ,"Subway"
10.4533098 , 51.2219846 ,"Subway"
8.7869998 , 53.1005243 ,"Subway"
10.2205698 , 50.8093738 ,"Subway"
9.8479798 , 52.2748038 ,"Subway"
6.8130499 , 51.0933200 ,"Subway"
12.1725398 , 53.7961427 ,"Subway"
12.4811498 , 51.3750546 ,"Subway"
7.2602999 , 49.2467649 ,"Subway"
6.7546098 , 49.5125834 ,"Subway"
7.1758898 , 51.3997941 ,"Subway"
10.3281098 , 49.0679200 ,"Subway"
12.1358698 , 48.5470159 ,"Subway"
11.6628197 , 48.1216199 ,"Subway"
13.9375697 , 50.9618165 ,"Subway"
7.9274899 , 48.4404351 ,"Subway"
12.0136797 , 51.5450878 ,"Subway"
11.9697597 , 51.4871759 ,"Subway"
11.9203897 , 51.4794029 ,"Subway"
